start	end	block_id	block_size
chr6:29702829:A:G	chr6:29702829:A:G	1	1
chr6:29707166:A:G	chr6:29707166:A:G	2	1
chr6:29714437:T:G	chr6:29714437:T:G	3	1
chr6:29716857:T:C	chr6:29717378:G:C	4	7
chr6:29717673:C:A	chr6:29720724:A:C	5	4
chr6:29720890:A:G	chr6:29721107:G:A	6	4
chr6:29721123:G:C	chr6:29721350:G:T	7	3
chr6:29721425:A:T	chr6:29723526:G:A	8	13
chr6:29723936:A:C	chr6:29723967:C:G	9	2
chr6:29724557:A:G	chr6:29724652:AAATTTCTGAGGG:A	10	2
chr6:29724952:T:G	chr6:29724952:T:G	11	1
chr6:29725336:C:T	chr6:29726192:C:T	12	3
chr6:29726793:A:G	chr6:29728341:G:T	13	11
chr6:29728468:T:C	chr6:29732747:A:G	14	23
chr6:29732838:G:A	chr6:29736046:T:C	15	12
chr6:29736460:G:A	chr6:29736539:G:A	16	2
chr6:29736623:T:C	chr6:29736666:C:T	17	2
chr6:29736768:C:T	chr6:29737730:T:C	18	9
chr6:29738033:A:G	chr6:29738033:A:G	19	1
chr6:29738403:G:A	chr6:29739123:G:A	20	6
chr6:29739266:G:A	chr6:29739883:C:T	21	5
chr6:29740251:G:A	chr6:29740269:A:AT	22	2
chr6:29741201:T:C	chr6:29741201:T:C	23	1
chr6:29741630:T:C	chr6:29741630:T:C	24	1
chr6:29742017:C:T	chr6:29742035:C:T	25	2
chr6:29742172:C:T	chr6:29743054:G:A	26	3
chr6:29743264:C:T	chr6:29743557:C:T	27	3
chr6:29743785:G:A	chr6:29744927:A:G	28	4
chr6:29745259:C:T	chr6:29745652:C:T	29	4
chr6:29745803:T:C	chr6:29745839:G:A	30	3
chr6:29746283:G:A	chr6:29746868:G:A	31	4
chr6:29747286:G:A	chr6:29748080:G:A	32	4
chr6:29748812:C:T	chr6:29749124:G:T	33	3
chr6:29749182:CT:C	chr6:29749182:CT:C	34	1
chr6:29750125:C:G	chr6:29750125:C:G	35	1
chr6:29750317:G:A	chr6:29750317:G:A	36	1
chr6:29755651:CAG:C	chr6:29755651:CAG:C	37	1
chr6:29760468:A:T	chr6:29760468:A:T	38	1
chr6:29760793:G:T	chr6:29760793:G:T	39	1
chr6:29761325:A:G	chr6:29761325:A:G	40	1
chr6:29762040:G:A	chr6:29762040:G:A	41	1
chr6:29762225:G:T	chr6:29762351:G:A	42	3
chr6:29762408:G:A	chr6:29762408:G:A	43	1
chr6:29762759:C:T	chr6:29762759:C:T	44	1
chr6:29763071:G:A	chr6:29763071:G:A	45	1
chr6:29763945:G:T	chr6:29763945:G:T	46	1
chr6:29764467:T:C	chr6:29764467:T:C	47	1
chr6:29764967:T:C	chr6:29764967:T:C	48	1
chr6:29765446:G:A	chr6:29765811:CCTGGAAT:C	49	5
chr6:29765979:A:G	chr6:29768002:T:C	50	19
chr6:29768375:A:G	chr6:29770094:G:T	51	16
chr6:29770236:C:T	chr6:29770623:A:G	52	5
chr6:29770792:G:T	chr6:29770792:G:T	53	1
chr6:29770888:C:G	chr6:29772257:A:G	54	9
chr6:29772325:T:A	chr6:29772769:T:C	55	2
chr6:29773398:T:C	chr6:29773815:G:C	56	9
chr6:29774443:C:T	chr6:29774443:C:T	57	1
chr6:29774565:T:C	chr6:29774565:T:C	58	1
chr6:29774898:A:C	chr6:29774898:A:C	59	1
chr6:29775069:G:A	chr6:29775623:A:T	60	4
chr6:29775748:C:T	chr6:29776642:T:C	61	7
chr6:29776832:T:C	chr6:29777138:C:T	62	4
chr6:29777301:T:G	chr6:29777508:T:C	63	3
chr6:29777574:G:C	chr6:29777949:G:A	64	5
chr6:29778017:T:C	chr6:29778590:T:G	65	5
chr6:29779017:T:C	chr6:29779913:G:T	66	11
chr6:29780096:A:G	chr6:29780247:C:T	67	2
chr6:29780362:G:A	chr6:29780531:G:A	68	3
chr6:29780617:G:A	chr6:29780864:C:T	69	3
chr6:29781060:C:A	chr6:29781079:C:T	70	2
chr6:29781507:C:T	chr6:29781683:G:T	71	4
chr6:29781769:A:T	chr6:29782661:T:A	72	6
chr6:29782700:C:T	chr6:29783624:G:C	73	13
chr6:29784000:T:A	chr6:29784000:T:A	74	1
chr6:29784221:C:T	chr6:29784501:C:T	75	7
chr6:29784894:T:G	chr6:29784894:T:G	76	1
chr6:29785155:G:A	chr6:29785645:G:A	77	6
chr6:29785686:G:A	chr6:29785689:G:A	78	2
chr6:29785952:T:A	chr6:29786107:AC:A	79	3
chr6:29786239:C:T	chr6:29787284:C:T	80	5
chr6:29787491:G:T	chr6:29787491:G:T	81	1
chr6:29788524:T:C	chr6:29788524:T:C	82	1
chr6:29788819:G:A	chr6:29788895:C:T	83	2
chr6:29789831:T:C	chr6:29789831:T:C	84	1
chr6:29790218:T:C	chr6:29790445:T:G	85	2
chr6:29790617:TTTC:T	chr6:29790617:TTTC:T	86	1
chr6:29791533:G:A	chr6:29791734:C:T	87	3
chr6:29791952:C:T	chr6:29791952:C:T	88	1
chr6:29792108:G:A	chr6:29792146:T:C	89	2
chr6:29792355:G:T	chr6:29792355:G:T	90	1
chr6:29792540:G:C	chr6:29792540:G:C	91	1
chr6:29792685:T:C	chr6:29792685:T:C	92	1
chr6:29792746:C:T	chr6:29792746:C:T	93	1
chr6:29792953:AC:A	chr6:29793079:C:T	94	5
chr6:29793305:C:CATG	chr6:29793305:C:CATG	95	1
chr6:29793341:C:A	chr6:29793379:A:C	96	2
chr6:29793652:A:T	chr6:29793652:A:T	97	1
chr6:29793745:C:A	chr6:29793940:T:C	98	3
chr6:29794129:G:A	chr6:29794129:G:A	99	1
chr6:29794530:T:A	chr6:29794563:A:T,*	100	3
chr6:29794916:C:T	chr6:29795310:A:T	101	5
chr6:29795985:G:A	chr6:29797797:T:A	102	16
chr6:29797939:T:A	chr6:29798381:A:G	103	6
chr6:29798819:C:A	chr6:29798894:G:A	104	2
chr6:29799008:CAGAG:C	chr6:29800164:A:G	105	15
chr6:29800272:G:A	chr6:29800549:A:C	106	2
chr6:29800637:G:T	chr6:29800648:GAGA:G	107	2
chr6:29800694:C:T	chr6:29800743:A:T	108	3
chr6:29800971:C:T	chr6:29801174:A:G	109	3
chr6:29801255:C:A	chr6:29801255:C:A	110	1
chr6:29801503:C:T	chr6:29801720:A:C	111	3
chr6:29801940:T:C	chr6:29802478:A:G	112	10
chr6:29802674:G:A	chr6:29802981:G:A	113	3
chr6:29803303:G:A	chr6:29803303:G:A	114	1
chr6:29803461:C:T	chr6:29803461:C:T	115	1
chr6:29803644:G:A	chr6:29804102:A:G	116	5
chr6:29804282:A:G	chr6:29804282:A:G	117	1
chr6:29804400:A:T	chr6:29804772:C:G	118	5
chr6:29805413:A:G	chr6:29805413:A:G	119	1
chr6:29805732:C:T	chr6:29806984:A:C	120	11
chr6:29807182:T:C	chr6:29807212:T:A	121	2
chr6:29807569:A:G	chr6:29808162:C:T	122	3
chr6:29808331:G:A	chr6:29808462:T:C	123	3
chr6:29808545:G:T	chr6:29808545:G:T	124	1
chr6:29808613:A:T	chr6:29809302:A:C	125	5
chr6:29809617:A:G	chr6:29810115:G:A	126	6
chr6:29810394:T:G	chr6:29810541:A:G	127	6
chr6:29810642:T:C	chr6:29810830:T:C	128	3
chr6:29810840:A:G	chr6:29810840:A:G	129	1
chr6:29811121:T:C	chr6:29812052:A:G	130	8
chr6:29812200:C:T	chr6:29812334:C:A	131	2
chr6:29812752:C:T	chr6:29812752:C:T	132	1
chr6:29812921:G:T	chr6:29812963:G:A	133	2
chr6:29813199:C:T	chr6:29813697:A:G	134	3
chr6:29813744:G:T	chr6:29813805:G:A	135	2
chr6:29813926:T:C	chr6:29814233:G:T	136	7
chr6:29814271:C:A	chr6:29814856:T:C	137	6
chr6:29815091:T:C	chr6:29815567:C:T	138	4
chr6:29815752:G:A	chr6:29815883:C:T	139	2
chr6:29816540:C:T	chr6:29816540:C:T	140	1
chr6:29816915:C:T	chr6:29816944:C:T	141	2
chr6:29817246:A:T	chr6:29817246:A:T	142	1
chr6:29817372:A:C	chr6:29817372:A:C	143	1
chr6:29817863:T:C	chr6:29817863:T:C	144	1
chr6:29818228:C:T	chr6:29818426:AC:A	145	2
chr6:29818867:A:G	chr6:29818867:A:G	146	1
chr6:29819193:C:T	chr6:29819193:C:T	147	1
chr6:29819451:C:T	chr6:29819451:C:T	148	1
chr6:29819523:G:T	chr6:29819523:G:T	149	1
chr6:29820169:G:A	chr6:29820829:C:T	150	4
chr6:29821145:T:C	chr6:29821145:T:C	151	1
chr6:29821394:T:C	chr6:29821394:T:C	152	1
chr6:29822094:T:A	chr6:29822094:T:A	153	1
chr6:29822557:A:ATTTC	chr6:29822560:CTA:C	154	2
chr6:29823103:A:G	chr6:29824231:C:T	155	12
chr6:29824235:G:A	chr6:29824305:G:A	156	3
chr6:29824492:C:T	chr6:29824557:C:T	157	2
chr6:29824566:C:T	chr6:29824566:C:T	158	1
chr6:29824711:T:C	chr6:29825447:C:T	159	7
chr6:29825608:G:A	chr6:29826099:C:A	160	5
chr6:29826540:G:A	chr6:29826540:G:A	161	1
chr6:29826705:A:T	chr6:29826707:A:G	162	2
chr6:29826881:G:A	chr6:29827359:A:C	163	9
chr6:29827445:G:A	chr6:29827454:G:A	164	2
chr6:29827644:G:A	chr6:29827880:G:A	165	4
chr6:29828032:C:T	chr6:29828216:G:A	166	3
chr6:29828329:G:T	chr6:29828329:G:T	167	1
chr6:29828349:A:AC	chr6:29828457:CA:C	168	4
chr6:29828488:G:T	chr6:29828550:C:T	169	3
chr6:29828898:G:T	chr6:29829378:G:C	170	8
chr6:29829434:C:T	chr6:29829862:C:T	171	3
chr6:29830005:T:C	chr6:29830642:G:A	172	7
chr6:29830865:C:T	chr6:29830865:C:T	173	1
chr6:29831026:C:G	chr6:29831252:C:T	174	2
chr6:29831339:G:T	chr6:29831339:G:T	175	1
chr6:29831529:T:C	chr6:29831577:A:G	176	3
chr6:29831969:C:G	chr6:29833144:G:A	177	7
chr6:29833333:G:A	chr6:29836109:C:A	178	20
chr6:29836300:A:T	chr6:29838285:T:C	179	15
chr6:29838417:T:C	chr6:29844498:T:TC	180	44
chr6:29845179:C:G	chr6:29847001:T:G	181	3
chr6:29849032:C:T	chr6:29850146:G:C	182	2
chr6:29850885:T:C	chr6:29851421:A:G	183	8
chr6:29852141:A:AT	chr6:29852893:T:C	184	17
chr6:29853054:T:C	chr6:29853054:T:C	185	1
chr6:29853200:C:T	chr6:29853428:G:A	186	3
chr6:29853516:A:C	chr6:29853607:A:T	187	3
chr6:29853662:C:T	chr6:29854205:C:T	188	6
chr6:29854294:A:G	chr6:29854397:A:C	189	4
chr6:29854423:G:T	chr6:29854423:G:T	190	1
chr6:29854646:C:T	chr6:29854870:C:T	191	10
chr6:29854949:G:A	chr6:29854949:G:A	192	1
chr6:29855178:G:A	chr6:29855205:A:G	193	2
chr6:29855285:T:C	chr6:29855377:G:GA	194	2
chr6:29855702:A:G	chr6:29855748:A:G	195	2
chr6:29855926:T:C	chr6:29855926:T:C	196	1
chr6:29856023:G:T	chr6:29856023:G:T	197	1
chr6:29856458:C:G	chr6:29856458:C:G	198	1
chr6:29856563:G:C	chr6:29856650:A:G	199	3
chr6:29856876:A:G	chr6:29856876:A:G	200	1
chr6:29858246:C:T	chr6:29858246:C:T	201	1
chr6:29858373:G:A	chr6:29858373:G:A	202	1
chr6:29858441:C:A	chr6:29858441:C:A	203	1
chr6:29858962:A:G	chr6:29858962:A:G	204	1
chr6:29859401:G:T	chr6:29859613:A:C	205	3
chr6:29860122:C:T	chr6:29860176:C:T	206	2
chr6:29860539:G:A	chr6:29860807:G:A	207	2
chr6:29861103:C:T	chr6:29861103:C:T	208	1
chr6:29861195:A:G	chr6:29861195:A:G	209	1
chr6:29861610:G:GT	chr6:29861707:G:T	210	2
chr6:29862076:G:GC	chr6:29862094:C:T	211	2
chr6:29863880:G:T	chr6:29863880:G:T	212	1
chr6:29864138:G:A	chr6:29864138:G:A	213	1
chr6:29864704:T:C	chr6:29864918:T:C	214	5
chr6:29865090:A:C	chr6:29865090:A:C	215	1
chr6:29865181:C:T	chr6:29865189:G:A	216	3
chr6:29865256:C:T	chr6:29865280:G:T	217	2
chr6:29865351:T:C	chr6:29865764:A:G	218	3
chr6:29866002:A:G	chr6:29866063:T:G	219	2
chr6:29866264:G:A	chr6:29866264:G:A	220	1
chr6:29867249:G:A	chr6:29867249:G:A	221	1
chr6:29867457:C:T	chr6:29867855:T:C	222	3
chr6:29868222:A:G	chr6:29868222:A:G	223	1
chr6:29868288:C:T	chr6:29868288:C:T	224	1
chr6:29868396:C:T	chr6:29868396:C:T	225	1
chr6:29870113:A:G	chr6:29870113:A:G	226	1
chr6:29870367:G:T	chr6:29870367:G:T	227	1
chr6:29870618:G:A	chr6:29870618:G:A	228	1
chr6:29870626:A:C	chr6:29870626:A:C	229	1
chr6:29870750:C:T	chr6:29870750:C:T	230	1
chr6:29870773:G:C	chr6:29870773:G:C	231	1
chr6:29870896:C:T	chr6:29870905:A:C	232	2
chr6:29871027:G:T	chr6:29871051:G:A	233	3
chr6:29871486:G:A	chr6:29871486:G:A	234	1
chr6:29871616:C:T	chr6:29871616:C:T	235	1
chr6:29872458:C:T	chr6:29872466:A:G	236	2
chr6:29873496:C:G	chr6:29873503:T:C	237	2
chr6:29881527:T:C	chr6:29881527:T:C	238	1
chr6:29881880:T:C	chr6:29881880:T:C	239	1
chr6:29881911:G:A	chr6:29882060:G:A	240	2
chr6:29882907:A:G	chr6:29882907:A:G	241	1
chr6:29882950:C:T	chr6:29882950:C:T	242	1
chr6:29883046:A:C	chr6:29883046:A:C	243	1
chr6:29938603:A:G	chr6:29939536:G:A	244	22
chr6:29939674:C:T	chr6:29940199:G:A	245	16
chr6:29940267:A:G	chr6:29941190:G:A	246	22
chr6:29941267:G:C	chr6:29941404:A:C	247	4
chr6:29941474:T:TA	chr6:29941974:T:C	248	16
chr6:29942063:G:A	chr6:29942147:G:A	249	4
chr6:29942250:C:G	chr6:29942250:C:G	250	1
chr6:29942345:C:A	chr6:29942701:G:C	251	12
chr6:29942729:G:T	chr6:29942809:G:A	252	8
chr6:29942883:A:G	chr6:29943448:A:G	253	20
chr6:29943642:A:G	chr6:29943642:A:G	254	1
chr6:29943761:G:A	chr6:29944725:C:T	255	35
chr6:29944818:G:A	chr6:29945079:A:T	256	11
chr6:29945290:T:C	chr6:29945420:T:C	257	6
chr6:29945861:G:C	chr6:29946443:G:A	258	18
chr6:29946527:A:G	chr6:29947284:T:C	259	14
chr6:29947347:C:A	chr6:29947553:T:C	260	4
chr6:29947631:G:T	chr6:29948151:T:C	261	3
chr6:29948252:C:T	chr6:29948260:C:T	262	2
chr6:29948308:T:A	chr6:29949108:T:C	263	9
chr6:29949251:G:C	chr6:29949251:G:C	264	1
chr6:29949383:G:C	chr6:29950409:C:A	265	16
chr6:29950519:C:T	chr6:29950659:T:C	266	5
chr6:29950907:G:T	chr6:29955155:T:C	267	38
chr6:29955204:T:TCA	chr6:29955646:C:T	268	8
chr6:29955745:C:T	chr6:29955914:T:G	269	4
chr6:29956382:C:G	chr6:29956719:T:C	270	2
chr6:29957056:T:A	chr6:29957936:T:TG	271	4
chr6:29958523:AGGGACAGTACCCAGG:A	chr6:29958820:T:C	272	2
chr6:29959757:A:C	chr6:29960360:T:C	273	4
chr6:29960419:C:T	chr6:29960493:C:G	274	2
chr6:29960544:AAG:A	chr6:29960544:AAG:A	275	1
chr6:29960798:T:C	chr6:29961476:C:T	276	8
chr6:29962018:G:A	chr6:29962719:A:T	277	5
chr6:29962929:A:C	chr6:29962929:A:C	278	1
chr6:29963258:G:T	chr6:29964230:G:A	279	12
chr6:29964453:C:T	chr6:29965137:A:AAC	280	8
chr6:29965223:A:G	chr6:29965611:T:C	281	7
chr6:29966187:G:C	chr6:29966187:G:C	282	1
chr6:29966303:C:T	chr6:29966303:C:T	283	1
chr6:29966374:C:G	chr6:29966571:A:C	284	5
chr6:29966920:G:A	chr6:29967130:G:A	285	3
chr6:29967233:G:A	chr6:29967233:G:A	286	1
chr6:29967249:C:CA	chr6:29967249:C:CA	287	1
chr6:29967316:G:T	chr6:29967330:C:T	288	2
chr6:29967376:A:G	chr6:29967595:C:T	289	3
chr6:29967799:G:A	chr6:29967813:C:T	290	2
chr6:29968066:G:A	chr6:29968114:C:T	291	3
chr6:29968492:C:G	chr6:29969558:GTTTA:G	292	11
chr6:29969785:TGAA:T	chr6:29969963:C:T	293	3
chr6:29970017:C:G	chr6:29970017:C:G	294	1
chr6:29970119:C:T	chr6:29971155:T:C	295	14
chr6:29971371:A:T	chr6:29971371:A:T	296	1
chr6:29972075:A:G	chr6:29973166:T:C	297	8
chr6:29973992:G:A	chr6:29974009:TAAAC:T	298	2
chr6:29974036:C:T	chr6:29975202:G:C	299	27
chr6:29975290:G:A	chr6:29979138:A:G	300	10
chr6:29979151:G:A	chr6:29979536:A:C	301	6
chr6:29979587:T:C	chr6:29982640:T:C	302	28
chr6:29982715:G:A	chr6:29983288:T:C	303	8
chr6:29983307:T:A	chr6:29984114:A:G	304	10
chr6:29984287:CT:C	chr6:29987311:G:T	305	43
chr6:29987445:A:C	chr6:29987726:G:C	306	4
chr6:29987762:T:C	chr6:29989300:C:T	307	20
chr6:29989508:T:G	chr6:29990089:A:G	308	3
chr6:29990384:A:C	chr6:29990725:G:A	309	4
chr6:29990871:A:G	chr6:29991088:T:A	310	3
chr6:29991156:A:C	chr6:29991156:A:C	311	1
chr6:29991477:G:A	chr6:29991477:G:A	312	1
chr6:29991549:T:C	chr6:29991681:G:A	313	3
chr6:29992306:G:A	chr6:29993093:A:T	314	5
chr6:29993802:C:T	chr6:29993802:C:T	315	1
chr6:29993993:G:A	chr6:29993993:G:A	316	1
chr6:29994016:C:T	chr6:29994066:G:A	317	2
chr6:29994251:G:A	chr6:29994251:G:A	318	1
chr6:29994362:G:C	chr6:29994587:T:A,G	319	3
chr6:29994740:C:T	chr6:29994740:C:T	320	1
chr6:29994818:G:A	chr6:29994818:G:A	321	1
chr6:29995744:T:C	chr6:29995947:C:A	322	3
chr6:29996537:G:C	chr6:29996537:G:C	323	1
chr6:29996620:G:A	chr6:29996620:G:A	324	1
chr6:29997052:A:T	chr6:29997052:A:T	325	1
chr6:29997222:G:A	chr6:29997222:G:A	326	1
chr6:29997723:C:T	chr6:29997723:C:T	327	1
chr6:29998038:A:C	chr6:29998038:A:C	328	1
chr6:29998161:C:T	chr6:29998161:C:T	329	1
chr6:29998223:A:C	chr6:29998347:T:A	330	7
chr6:29998398:G:A	chr6:29998972:C:G	331	12
chr6:29999090:G:A	chr6:29999090:G:A	332	1
chr6:29999221:A:G	chr6:30000680:C:T	333	15
chr6:30000844:G:A	chr6:30002650:C:T	334	22
chr6:30002908:T:C	chr6:30003062:T:C	335	2
chr6:30003151:G:A	chr6:30003300:C:G	336	5
chr6:30003514:T:C	chr6:30003654:A:G	337	3
chr6:30004136:T:C	chr6:30004615:T:A	338	3
chr6:30004997:G:C	chr6:30005181:CTT:C	339	2
chr6:30006148:C:T	chr6:30006148:C:T	340	1
chr6:30006209:G:GA	chr6:30006212:G:C	341	3
chr6:30006306:CG:C	chr6:30006569:G:C	342	4
chr6:30006831:C:G	chr6:30007415:CAT:C	343	7
chr6:30007810:G:A	chr6:30008057:C:G	344	5
chr6:30008535:C:G	chr6:30008964:A:G	345	3
chr6:30009080:G:C	chr6:30009582:G:GC	346	5
chr6:30010250:C:T	chr6:30010250:C:T	347	1
chr6:30011348:G:A	chr6:30011612:T:C	348	10
chr6:30011866:G:A	chr6:30011866:G:A	349	1
chr6:30012381:C:T	chr6:30012668:G:A	350	4
chr6:30013222:G:A	chr6:30013601:T:C	351	7
chr6:30013738:C:T	chr6:30014986:G:C	352	5
chr6:30015550:C:T	chr6:30015638:C:T	353	2
chr6:30016992:C:T	chr6:30016992:C:T	354	1
chr6:30017548:A:G	chr6:30017711:A:G	355	2
chr6:30018365:G:A	chr6:30018365:G:A	356	1
chr6:30018724:C:T	chr6:30018907:T:C	357	2
chr6:30019414:G:A	chr6:30019414:G:A	358	1
chr6:30019961:G:A	chr6:30019961:G:A	359	1
chr6:30020662:T:G	chr6:30022990:G:A	360	7
chr6:30023126:T:C	chr6:30023157:G:A	361	2
chr6:30023760:C:T	chr6:30023872:A:G	362	4
chr6:30024021:G:A	chr6:30025737:ACACAC:A	363	6
chr6:30026394:A:G	chr6:30026413:G:A	364	2
chr6:30026517:G:GA	chr6:30026517:G:GA	365	1
chr6:30027247:T:C	chr6:30027887:T:C	366	2
chr6:30027961:G:T	chr6:30027995:C:G	367	2
chr6:30028344:A:G	chr6:30028344:A:G	368	1
chr6:30029209:A:C	chr6:30029806:T:A	369	3
chr6:30030209:A:G	chr6:30030285:GCTA:G	370	3
chr6:30030483:C:T	chr6:30030712:C:T	371	2
chr6:30031408:C:A	chr6:30031451:A:G	372	2
chr6:30032165:G:A	chr6:30032420:A:T	373	3
chr6:30032585:ACAGG:A	chr6:30032585:ACAGG:A	374	1
chr6:30032946:C:T	chr6:30033196:T:G	375	2
chr6:30034173:G:A	chr6:30034603:T:C	376	4
chr6:30035041:T:C	chr6:30035041:T:C	377	1
chr6:30036751:C:T	chr6:30036771:C:T	378	2
chr6:30036837:A:T	chr6:30037266:A:G	379	3
chr6:30037984:CAA:C	chr6:30038011:A:T	380	2
chr6:30038705:T:C	chr6:30040207:G:A	381	5
chr6:30041437:T:A	chr6:30041887:A:G	382	3
chr6:30043113:T:C	chr6:30044877:CTCTTTAAGTATGAAAT:C	383	6
chr6:30045616:C:CT	chr6:30045995:T:C	384	2
chr6:30046680:C:T	chr6:30046874:C:A	385	4
chr6:30047292:G:A	chr6:30048230:G:T	386	4
chr6:30048520:A:C	chr6:30048520:A:C	387	1
chr6:30048796:A:G	chr6:30048917:A:C	388	2
chr6:30049551:C:T	chr6:30049551:C:T	389	1
chr6:30049852:T:A	chr6:30049855:AAT:A	390	2
chr6:30050247:T:TA	chr6:30051878:C:A	391	7
chr6:30052865:T:G	chr6:30053070:A:AT	392	2
chr6:30053963:T:C	chr6:30053963:T:C	393	1
chr6:30054425:T:TA	chr6:30054706:T:C	394	4
chr6:30056972:C:G	chr6:30056972:C:G	395	1
chr6:30057433:T:C	chr6:30057433:T:C	396	1
chr6:30057872:T:C	chr6:30057872:T:C	397	1
chr6:30058573:T:C	chr6:30058573:T:C	398	1
chr6:30059032:TG:T	chr6:30059032:TG:T	399	1
chr6:30060575:G:A	chr6:30060575:G:A	400	1
chr6:30060700:T:C	chr6:30060829:C:A	401	2
chr6:30061136:G:A	chr6:30061136:G:A	402	1
chr6:30061395:A:AG	chr6:30062280:G:A	403	2
chr6:30062358:G:A	chr6:30062864:G:A	404	2
chr6:30063150:A:ATT	chr6:30063282:C:T	405	2
chr6:30064320:AAAG:A	chr6:30064320:AAAG:A	406	1
chr6:30064896:A:G	chr6:30064969:T:A	407	2
chr6:30065913:G:T	chr6:30066566:TGTTA:T	408	2
chr6:30068028:T:A	chr6:30068492:A:G	409	3
chr6:30068793:A:G	chr6:30069882:C:T	410	2
chr6:30070131:A:T	chr6:30070131:A:T	411	1
chr6:30070569:AC:A	chr6:30070589:AG:A	412	2
chr6:30071046:A:G	chr6:30071046:A:G	413	1
chr6:30071587:C:A	chr6:30071789:CTG:C	414	4
chr6:30071975:T:A	chr6:30071990:G:C	415	2
chr6:30072664:C:CCA	chr6:30072664:C:CCA	416	1
chr6:30073732:C:T	chr6:30073732:C:T	417	1
chr6:30074280:G:A	chr6:30074280:G:A	418	1
chr6:30074891:T:C	chr6:30076194:TTGA:T	419	7
chr6:30076472:G:T	chr6:30076472:G:T	420	1
chr6:30077137:G:A	chr6:30077137:G:A	421	1
chr6:30078228:G:A	chr6:30078234:C:T	422	2
chr6:30078599:A:G	chr6:30078652:G:T	423	2
chr6:30078763:T:C	chr6:30080060:G:A	424	7
chr6:30080528:A:T	chr6:30080528:A:T	425	1
chr6:30080868:G:A	chr6:30083178:G:T	426	12
chr6:30084386:G:A	chr6:30084386:G:A	427	1
chr6:30085296:G:T	chr6:30085621:C:T	428	3
chr6:30085844:G:T	chr6:30086969:G:A	429	6
chr6:30087048:A:G	chr6:30087048:A:G	430	1
chr6:30087890:C:T	chr6:30087890:C:T	431	1
chr6:30088177:G:A	chr6:30088400:A:G	432	4
chr6:30089132:G:T	chr6:30090275:T:A	433	8
chr6:30090464:T:A	chr6:30090480:C:T	434	2
chr6:30090828:G:A	chr6:30091000:A:G	435	2
chr6:30091278:C:G	chr6:30091278:C:G	436	1
chr6:30091496:T:C	chr6:30091674:A:G	437	2
chr6:30091839:G:A	chr6:30093516:G:A	438	22
chr6:30094133:G:A	chr6:30094281:G:A	439	2
chr6:30094568:A:T	chr6:30095309:C:T	440	5
chr6:30095719:C:A	chr6:30096352:A:G	441	5
chr6:30097072:A:ACACT	chr6:30099791:C:G	442	14
chr6:30100057:G:A	chr6:30100115:A:G	443	2
chr6:30100947:C:A	chr6:30100947:C:A	444	1
chr6:30102018:A:C	chr6:30102045:T:C	445	2
chr6:30102180:G:A	chr6:30102180:G:A	446	1
chr6:30102401:T:C	chr6:30102761:G:GT	447	3
chr6:30103502:T:G	chr6:30104734:G:A	448	5
chr6:30104944:T:C	chr6:30104944:T:C	449	1
chr6:30105422:C:T	chr6:30105653:C:T	450	3
chr6:30106251:T:C	chr6:30119828:C:T	451	51
chr6:30120045:G:C	chr6:30135146:G:T	452	113
chr6:30135272:T:A	chr6:30147765:G:A	453	96
chr6:30148188:C:T	chr6:30148188:C:T	454	1
chr6:30148383:G:C	chr6:30148760:G:A	455	3
chr6:30148884:G:A	chr6:30153834:C:T	456	33
chr6:30154798:C:T	chr6:30163750:G:T	457	7
chr6:30170089:A:G	chr6:30170868:G:A	458	3
chr6:30173136:G:T	chr6:30174476:T:C	459	2
chr6:30177569:A:C	chr6:30177569:A:C	460	1
chr6:30179293:T:C	chr6:30179293:T:C	461	1
chr6:30180657:C:T	chr6:30180657:C:T	462	1
chr6:30181474:T:A	chr6:30182384:T:C	463	3
chr6:30183593:T:C	chr6:30184651:G:A	464	2
chr6:30191262:C:G	chr6:30198489:C:T	465	7
chr6:30200058:C:T	chr6:30204050:T:C	466	18
chr6:30204456:G:A	chr6:30211375:T:C	467	16
chr6:30211411:G:C	chr6:30213498:A:G	468	6
chr6:30213861:C:T	chr6:30230912:A:T	469	43
chr6:30231290:G:A	chr6:30232895:T:A	470	4
chr6:30234178:G:A	chr6:30242176:G:A	471	32
chr6:30243224:A:G	chr6:30247756:T:C	472	24
chr6:30252765:G:A	chr6:30254114:G:C	473	3
chr6:30256977:T:C	chr6:30261624:C:T	474	3
chr6:30262369:G:A	chr6:30272898:T:C	475	5
chr6:30274289:C:G	chr6:30276423:A:G	476	4
chr6:30284166:T:A	chr6:30284166:T:A	477	1
chr6:30292507:G:A	chr6:30299670:C:A	478	4
chr6:30302146:C:T	chr6:30302909:G:A	479	3
chr6:30307476:GGTT:G	chr6:30313566:T:C	480	3
chr6:30314973:C:G	chr6:30319490:G:C	481	4
chr6:30320343:C:T	chr6:30323897:A:G	482	2
chr6:30332353:G:A	chr6:30338178:G:A	483	4
chr6:30342873:T:C	chr6:30355846:T:C	484	18
chr6:30356190:TA:T	chr6:30357564:C:G	485	3
chr6:30360704:A:G	chr6:30364329:G:T	486	6
chr6:30364476:T:TC	chr6:30366562:C:T	487	4
chr6:30368657:C:T	chr6:30369961:C:T	488	4
chr6:30370361:A:T	chr6:30371526:G:A	489	7
chr6:30371816:T:C	chr6:30372942:G:GA	490	10
chr6:30373291:G:A	chr6:30374404:G:T	491	5
chr6:30375406:C:T	chr6:30375474:G:C	492	2
chr6:30376206:A:G	chr6:30376389:C:A	493	2
chr6:30376513:A:G	chr6:30380138:G:A	494	19
chr6:30380318:G:A	chr6:30385190:T:C	495	27
chr6:30385292:A:G	chr6:30385631:T:A	496	3
chr6:30386290:C:T	chr6:30386313:G:A	497	2
chr6:30386577:C:A	chr6:30391725:T:C	498	29
chr6:30391925:C:T	chr6:30393767:T:A	499	19
chr6:30393982:G:A	chr6:30396525:A:G	500	17
chr6:30397963:C:T	chr6:30398175:T:C	501	2
chr6:30398334:C:T	chr6:30399133:G:A	502	5
chr6:30399536:T:C	chr6:30399758:T:C	503	2
chr6:30400235:T:C	chr6:30400545:G:C	504	3
chr6:30400827:T:C	chr6:30400827:T:C	505	1
chr6:30400886:G:A	chr6:30401036:G:GA	506	2
chr6:30401263:G:T	chr6:30402575:G:A	507	6
chr6:30402661:C:G	chr6:30402661:C:G	508	1
chr6:30402830:T:A	chr6:30403550:G:A	509	4
chr6:30404224:C:T	chr6:30404501:C:T	510	4
chr6:30404582:G:A	chr6:30404764:T:C	511	5
chr6:30404898:C:T	chr6:30405679:T:C	512	8
chr6:30405743:T:G	chr6:30406358:C:A	513	9
chr6:30406552:A:G	chr6:30407513:G:A	514	13
chr6:30407727:A:G	chr6:30407824:C:T	515	4
chr6:30407939:G:A	chr6:30409305:G:A	516	11
chr6:30409402:C:T	chr6:30409402:C:T	517	1
chr6:30409540:T:C	chr6:30410613:G:A	518	13
chr6:30410717:T:A	chr6:30410824:A:C	519	3
chr6:30411260:G:A	chr6:30411297:T:C	520	2
chr6:30411656:AC:A	chr6:30411666:C:T	521	2
chr6:30411819:C:T	chr6:30412468:T:C	522	6
chr6:30412504:T:C	chr6:30412504:T:C	523	1
chr6:30413125:G:A	chr6:30414536:T:C	524	16
chr6:30414663:G:C	chr6:30415898:T:C	525	12
chr6:30416022:G:A	chr6:30416726:G:A	526	8
chr6:30416834:A:G	chr6:30417407:C:T	527	10
chr6:30417438:T:G	chr6:30419121:T:A	528	19
chr6:30419327:A:G	chr6:30420470:T:C	529	11
chr6:30420898:C:T	chr6:30420898:C:T	530	1
chr6:30420953:T:C	chr6:30421095:C:T	531	3
chr6:30421326:G:A	chr6:30422068:C:T	532	5
chr6:30422074:A:G	chr6:30422403:T:C	533	3
chr6:30422725:G:C	chr6:30422725:G:C	534	1
chr6:30422814:C:G	chr6:30424200:C:T	535	9
chr6:30424383:G:A	chr6:30425348:G:A	536	9
chr6:30425476:T:C	chr6:30425675:T:G	537	2
chr6:30425912:A:G	chr6:30425954:T:C	538	3
chr6:30426154:C:A	chr6:30427174:A:G	539	13
chr6:30427311:C:T	chr6:30427311:C:T	540	1
chr6:30427401:G:A	chr6:30427723:C:T	541	8
chr6:30428038:G:T	chr6:30428689:A:C	542	5
chr6:30428870:C:T	chr6:30429399:C:T	543	10
chr6:30429425:A:C	chr6:30429425:A:C	544	1
chr6:30429444:G:C	chr6:30431353:A:G	545	18
chr6:30431727:A:C	chr6:30433801:A:T	546	14
chr6:30434104:G:T	chr6:30435122:C:A	547	9
chr6:30435725:G:A	chr6:30435956:A:G	548	3
chr6:30436265:G:A	chr6:30437550:T:C	549	9
chr6:30437846:A:G	chr6:30437958:T:C	550	2
chr6:30438298:C:T	chr6:30441542:A:T	551	18
chr6:30441607:G:A	chr6:30441741:C:T	552	2
chr6:30441971:A:G	chr6:30443047:T:C	553	6
chr6:30443166:G:A	chr6:30443312:T:C	554	2
chr6:30443902:A:G	chr6:30444169:A:G	555	4
chr6:30444658:A:G	chr6:30445875:C:G	556	6
chr6:30445978:G:T	chr6:30446038:A:G	557	2
chr6:30446311:G:A	chr6:30446635:A:AT	558	5
chr6:30447142:G:A	chr6:30447142:G:A	559	1
chr6:30447442:G:A	chr6:30448269:G:A	560	4
chr6:30448990:A:C	chr6:30448990:A:C	561	1
chr6:30449083:A:T	chr6:30449144:T:G	562	3
chr6:30449203:T:C	chr6:30449203:T:C	563	1
chr6:30449927:C:T	chr6:30450452:T:C	564	5
chr6:30450806:G:A	chr6:30451628:C:G	565	16
chr6:30451808:A:G	chr6:30451808:A:G	566	1
chr6:30451986:C:G	chr6:30452231:T:C	567	9
chr6:30452429:G:C	chr6:30452511:C:T	568	2
chr6:30452649:A:C	chr6:30452650:A:C	569	2
chr6:30452772:T:G	chr6:30452862:C:T	570	3
chr6:30453130:C:A	chr6:30453340:C:G	571	5
chr6:30453360:T:G	chr6:30453620:C:T	572	2
chr6:30453734:G:A	chr6:30453779:A:G	573	3
chr6:30453892:A:G	chr6:30453897:G:A	574	2
chr6:30453919:G:C	chr6:30454704:G:A	575	4
chr6:30454908:C:T	chr6:30454908:C:T	576	1
chr6:30454959:A:C	chr6:30455095:C:T	577	6
chr6:30455149:A:G	chr6:30455149:A:G	578	1
chr6:30455168:T:C	chr6:30456198:G:T	579	23
chr6:30456267:A:AAT	chr6:30456368:A:G	580	5
chr6:30456429:T:C	chr6:30456485:A:T	581	5
chr6:30456566:G:A	chr6:30456566:G:A	582	1
chr6:30456699:A:C	chr6:30457451:C:A	583	9
chr6:30457560:C:T	chr6:30457873:C:G	584	6
chr6:30458163:T:C	chr6:30458348:A:G	585	4
chr6:30458375:T:C	chr6:30458629:A:T	586	4
chr6:30458704:T:C	chr6:30458829:G:A	587	3
chr6:30459055:G:A	chr6:30459368:C:A	588	4
chr6:30459421:G:A	chr6:30459447:T:G	589	2
chr6:30459702:G:A	chr6:30459733:G:A	590	2
chr6:30460450:A:G	chr6:30460450:A:G	591	1
chr6:30460659:A:C	chr6:30460659:A:C	592	1
chr6:30461099:C:G	chr6:30461156:T:C	593	3
chr6:30461256:T:G	chr6:30462524:T:C	594	6
chr6:30462743:T:C	chr6:30464531:G:A	595	5
chr6:30465008:A:G	chr6:30465008:A:G	596	1
chr6:30466671:A:G	chr6:30467151:T:C	597	5
chr6:30468904:G:A	chr6:30472970:G:GA	598	18
chr6:30473992:A:G	chr6:30473992:A:G	599	1
chr6:30474639:G:A	chr6:30474639:G:A	600	1
chr6:30476282:C:T	chr6:30486012:A:C	601	16
chr6:30488373:A:G	chr6:30488373:A:G	602	1
chr6:30490287:G:A	chr6:30490853:G:A	603	2
chr6:30499136:G:A	chr6:30499136:G:A	604	1
chr6:30501014:C:T	chr6:30501014:C:T	605	1
chr6:30506301:C:A	chr6:30506301:C:A	606	1
chr6:30508795:A:C	chr6:30508795:A:C	607	1
chr6:30522601:G:A	chr6:30522601:G:A	608	1
chr6:30527991:T:C	chr6:30527991:T:C	609	1
chr6:30530372:G:T	chr6:30530372:G:T	610	1
chr6:30545123:C:G	chr6:30547790:G:A	611	2
chr6:30551097:C:A	chr6:30551097:C:A	612	1
chr6:30551569:C:G	chr6:30551569:C:G	613	1
chr6:30559068:T:G	chr6:30559106:A:G	614	2
chr6:30566062:G:A	chr6:30566062:G:A	615	1
chr6:30578842:A:G	chr6:30579552:G:A	616	3
chr6:30587340:C:T	chr6:30587340:C:T	617	1
chr6:30588672:T:C	chr6:30588672:T:C	618	1
chr6:30597218:A:G	chr6:30597219:A:T	619	2
chr6:30600915:C:CA	chr6:30600915:C:CA	620	1
chr6:30608824:T:C	chr6:30610558:C:T	621	4
chr6:30622345:T:C	chr6:30629810:C:A	622	2
chr6:30633618:C:T	chr6:30639050:A:G	623	7
chr6:30645405:A:G	chr6:30650906:C:T	624	4
chr6:30654287:G:T	chr6:30657950:G:A	625	2
chr6:30663387:G:A	chr6:30670284:C:G	626	4
chr6:30672195:C:T	chr6:30676365:C:T	627	7
chr6:30685772:C:T	chr6:30688376:G:A	628	2
chr6:30690462:C:A	chr6:30693320:T:C	629	3
chr6:30695957:G:A	chr6:30710949:C:G	630	6
chr6:30717643:A:C	chr6:30735056:AG:A	631	8
chr6:30745705:T:C	chr6:30753818:G:A	632	3
chr6:30755004:C:T	chr6:30758855:G:A	633	7
chr6:30760206:A:G	chr6:30760513:G:A	634	2
chr6:30763553:C:T	chr6:30765344:C:T	635	2
chr6:30766414:AG:A	chr6:30774759:C:A	636	20
chr6:30776361:G:GC	chr6:30777677:T:C	637	2
chr6:30780774:T:C	chr6:30791506:G:A	638	4
chr6:30792990:T:A	chr6:30795855:A:G	639	3
chr6:30795937:T:A	chr6:30797802:C:A	640	6
chr6:30798456:T:G	chr6:30800298:A:G	641	3
chr6:30801719:A:C	chr6:30801910:A:G	642	3
chr6:30805745:T:C	chr6:30814012:G:T	643	12
chr6:30815003:A:G	chr6:30817756:G:A	644	5
chr6:30820414:T:C	chr6:30820829:T:C	645	2
chr6:30832291:G:A	chr6:30832291:G:A	646	1
chr6:30832800:C:T	chr6:30840985:C:T	647	16
chr6:30842175:A:G	chr6:30842549:T:A	648	3
chr6:30843390:T:G	chr6:30845320:G:A	649	3
chr6:30846766:T:C	chr6:30847258:G:A	650	2
chr6:30848965:A:C	chr6:30848965:A:C	651	1
chr6:30850089:A:G	chr6:30851480:G:A	652	7
chr6:30853122:C:T	chr6:30853669:C:T	653	3
chr6:30854994:C:A	chr6:30854994:C:A	654	1
chr6:30855345:C:T	chr6:30860356:G:T	655	9
chr6:30860829:G:T	chr6:30871852:C:T	656	26
chr6:30873173:C:T	chr6:30873173:C:T	657	1
chr6:30874620:C:A	chr6:30877149:G:A	658	5
chr6:30878319:C:G	chr6:30878873:T:A	659	2
chr6:30880222:C:T	chr6:30881159:G:A	660	3
chr6:30881515:G:C	chr6:30881701:C:T	661	2
chr6:30882414:T:C	chr6:30882414:T:C	662	1
chr6:30883417:C:G	chr6:30884970:C:T	663	5
chr6:30886313:G:T	chr6:30887474:G:A	664	2
chr6:30889295:G:C	chr6:30891080:C:T	665	7
chr6:30894445:G:C	chr6:30895753:C:G	666	3
chr6:30897338:G:A	chr6:30904497:G:A	667	23
chr6:30904922:T:C	chr6:30906388:T:C	668	6
chr6:30906607:A:AC	chr6:30906736:A:G	669	2
chr6:30907317:GTA:G	chr6:30915026:G:A	670	21
chr6:30916465:T:TGTGG	chr6:30927263:G:A	671	18
chr6:30927903:C:T	chr6:30928854:T:C	672	3
chr6:30931847:C:T	chr6:30931847:C:T	673	1
chr6:30932325:CTG:C	chr6:30934118:C:G	674	8
chr6:30935735:G:T	chr6:30936369:C:T	675	3
chr6:30937536:A:G	chr6:30941605:ACCTG:A	676	4
chr6:30944848:G:A	chr6:30945698:T:C	677	3
chr6:30947429:T:A	chr6:30950672:C:T	678	3
chr6:30953708:T:C	chr6:30955958:T:C	679	5
chr6:30957666:A:G	chr6:30966198:A:C	680	13
chr6:30967449:G:A	chr6:30968471:G:A	681	5
chr6:30969048:C:T	chr6:30972525:G:A	682	7
chr6:30972792:G:C	chr6:30973999:A:G	683	10
chr6:30974095:T:C	chr6:30976455:G:A	684	15
chr6:30976952:TA:T	chr6:30987582:G:A	685	33
chr6:30988152:C:A	chr6:31002121:G:A	686	55
chr6:31002615:T:TGAG	chr6:31004257:G:C	687	5
chr6:31004425:G:A	chr6:31015519:A:G	688	57
chr6:31015640:A:G	chr6:31020000:G:A	689	43
chr6:31020254:A:ATC	chr6:31022265:T:C	690	23
chr6:31022436:C:T	chr6:31025536:C:T	691	21
chr6:31025722:C:T	chr6:31025722:C:T	692	1
chr6:31030039:G:T	chr6:31030869:A:G	693	7
chr6:31031791:C:A	chr6:31031791:C:A	694	1
chr6:31032045:G:A	chr6:31032045:G:A	695	1
chr6:31033221:A:G	chr6:31033261:GAGAA:G	696	2
chr6:31034236:G:A	chr6:31034524:G:C	697	3
chr6:31035659:C:A	chr6:31037362:G:A	698	4
chr6:31038315:T:C	chr6:31059111:G:A	699	90
chr6:31059560:C:A	chr6:31064610:G:A	700	21
chr6:31064694:G:A	chr6:31067818:C:T	701	17
chr6:31067877:C:T	chr6:31086090:A:G	702	75
chr6:31086734:C:A	chr6:31091609:G:A	703	25
chr6:31091706:T:C	chr6:31095551:C:T	704	22
chr6:31095763:C:T	chr6:31096306:T:C	705	4
chr6:31096962:A:C	chr6:31097785:A:G	706	8
chr6:31097850:T:C	chr6:31100643:A:G	707	35
chr6:31100772:G:T	chr6:31105755:G:C	708	60
chr6:31106076:T:C	chr6:31113657:A:G	709	45
chr6:31113923:A:G	chr6:31114957:G:A	710	12
chr6:31115155:C:T	chr6:31115210:A:G	711	3
chr6:31115379:A:G	chr6:31115551:A:G	712	5
chr6:31115689:C:G	chr6:31116020:ACTT:A	713	6
chr6:31116271:A:G	chr6:31117165:GCTT:G	714	8
chr6:31117605:C:A	chr6:31118905:C:T	715	9
chr6:31119283:C:T	chr6:31119509:C:T	716	3
chr6:31119534:G:A	chr6:31120548:A:G	717	13
chr6:31121079:T:C	chr6:31121688:C:T	718	6
chr6:31121843:A:G	chr6:31121843:A:G	719	1
chr6:31122273:C:A	chr6:31122825:T:C	720	11
chr6:31122939:C:T	chr6:31122981:T:C	721	4
chr6:31123066:T:G	chr6:31123066:T:G	722	1
chr6:31123293:C:T	chr6:31123293:C:T	723	1
chr6:31123551:G:A	chr6:31123632:C:G	724	2
chr6:31123754:G:T	chr6:31124085:A:G	725	2
chr6:31124892:G:A	chr6:31124892:G:A	726	1
chr6:31125316:A:G	chr6:31125316:A:G	727	1
chr6:31125413:G:A	chr6:31125413:G:A	728	1
chr6:31125550:A:G	chr6:31125579:T:C	729	2
chr6:31125999:A:G	chr6:31126343:G:C	730	2
chr6:31126951:A:G	chr6:31127226:G:C	731	3
chr6:31127311:G:A	chr6:31127311:G:A	732	1
chr6:31128798:C:T	chr6:31128798:C:T	733	1
chr6:31129707:T:A	chr6:31130037:C:T	734	2
chr6:31130137:CTAAT:C	chr6:31130141:T:C,*	735	2
chr6:31130710:A:C	chr6:31130710:A:C	736	1
chr6:31132498:G:C	chr6:31132498:G:C	737	1
chr6:31133366:CCAGACATAGGGAA:C	chr6:31133366:CCAGACATAGGGAA:C	738	1
chr6:31134366:G:A	chr6:31134378:C:G	739	2
chr6:31136323:G:C	chr6:31136323:G:C	740	1
chr6:31136973:A:AC	chr6:31137689:C:G	741	5
chr6:31138739:C:T	chr6:31138829:A:T	742	2
chr6:31139116:A:G	chr6:31141916:C:T	743	13
chr6:31143192:C:T	chr6:31143623:T:C	744	4
chr6:31143898:C:A	chr6:31145148:C:T	745	8
chr6:31145329:A:G	chr6:31145372:T:A	746	2
chr6:31146242:A:G	chr6:31146242:A:G	747	1
chr6:31146796:G:A	chr6:31146968:T:C	748	2
chr6:31147071:T:C	chr6:31148749:A:G	749	9
chr6:31148894:G:A	chr6:31148894:G:A	750	1
chr6:31149276:A:G	chr6:31149399:C:A	751	3
chr6:31149604:G:A	chr6:31160467:T:A	752	30
chr6:31160552:G:A	chr6:31163930:T:C	753	13
chr6:31164637:G:A	chr6:31169055:T:C	754	24
chr6:31169588:C:T	chr6:31173350:A:G	755	23
chr6:31174817:CCT:C	chr6:31174817:CCT:C	756	1
chr6:31177339:C:T	chr6:31177339:C:T	757	1
chr6:31178143:C:T	chr6:31178143:C:T	758	1
chr6:31182262:C:T	chr6:31182606:G:A	759	3
chr6:31183081:G:A	chr6:31183542:T:C	760	4
chr6:31183796:G:A	chr6:31188689:C:T	761	26
chr6:31188921:C:T	chr6:31191951:G:A	762	16
chr6:31192434:A:G	chr6:31193399:A:C	763	4
chr6:31193478:G:T	chr6:31193478:G:T	764	1
chr6:31193627:C:T	chr6:31196447:C:G	765	13
chr6:31196734:C:T	chr6:31196901:T:G	766	4
chr6:31196950:C:T	chr6:31197323:A:C	767	6
chr6:31197400:C:T	chr6:31197441:C:T	768	2
chr6:31197956:C:T	chr6:31198066:C:T	769	2
chr6:31198462:C:T	chr6:31198762:G:A	770	3
chr6:31199110:G:T	chr6:31201761:C:G	771	14
chr6:31202114:C:A	chr6:31202114:C:A	772	1
chr6:31202289:A:G	chr6:31205102:A:T	773	14
chr6:31205656:G:A	chr6:31205656:G:A	774	1
chr6:31205991:A:G	chr6:31206334:C:T	775	4
chr6:31206750:A:G	chr6:31206981:G:C	776	3
chr6:31207033:A:G	chr6:31209565:C:T	777	18
chr6:31209603:A:G	chr6:31209681:C:A	778	3
chr6:31209748:C:T	chr6:31209748:C:T	779	1
chr6:31209952:C:T	chr6:31210068:G:A	780	3
chr6:31210219:A:G	chr6:31210222:A:G	781	2
chr6:31210240:G:T	chr6:31210307:C:G	782	3
chr6:31210557:A:G	chr6:31210594:T:G	783	2
chr6:31210736:G:A	chr6:31210736:G:A	784	1
chr6:31210828:C:T	chr6:31210828:C:T	785	1
chr6:31210899:T:C	chr6:31210899:T:C	786	1
chr6:31211003:A:T	chr6:31211199:TG:T	787	6
chr6:31211237:A:G	chr6:31211363:A:G	788	4
chr6:31211449:C:A	chr6:31211514:TC:T	789	3
chr6:31211895:G:C	chr6:31212075:A:C	790	3
chr6:31212226:A:G	chr6:31212579:AAACAAAAAACAAAC:A	791	5
chr6:31212693:T:C	chr6:31212754:G:C	792	2
chr6:31212997:G:A	chr6:31213353:G:A	793	2
chr6:31213939:G:A	chr6:31214831:C:T	794	4
chr6:31215145:TA:T	chr6:31215145:TA:T	795	1
chr6:31216243:A:G	chr6:31216243:A:G	796	1
chr6:31216648:G:A	chr6:31217488:G:A	797	8
chr6:31219326:C:G	chr6:31219326:C:G	798	1
chr6:31221218:G:C	chr6:31222208:G:A	799	2
chr6:31222761:G:A	chr6:31222881:C:T	800	2
chr6:31223499:C:G	chr6:31223510:C:T	801	2
chr6:31223967:G:A	chr6:31224201:G:A	802	2
chr6:31224333:G:A	chr6:31224989:C:T	803	4
chr6:31225070:T:C	chr6:31225387:T:C	804	6
chr6:31226976:T:C	chr6:31226987:A:C	805	2
chr6:31227441:C:T	chr6:31227441:C:T	806	1
chr6:31227699:C:G	chr6:31227708:C:T	807	2
chr6:31228026:G:A	chr6:31228027:C:T	808	2
chr6:31228148:G:A	chr6:31228402:A:ACTTTT	809	3
chr6:31228599:T:C	chr6:31229630:C:T	810	5
chr6:31230048:T:C	chr6:31230266:T:C	811	2
chr6:31230589:G:A	chr6:31230716:A:G	812	2
chr6:31231009:A:G	chr6:31231160:CAAAG:C	813	2
chr6:31231387:C:T	chr6:31231602:CTA:C	814	4
chr6:31231689:G:A	chr6:31232660:A:G	815	7
chr6:31233037:G:A	chr6:31233039:T:C	816	2
chr6:31233430:G:A	chr6:31233888:C:A	817	6
chr6:31234804:G:C	chr6:31234804:G:C	818	1
chr6:31235171:T:A	chr6:31236917:C:G	819	10
chr6:31237452:G:A	chr6:31238429:C:T	820	6
chr6:31238918:C:T	chr6:31240107:A:G	821	10
chr6:31240465:C:T	chr6:31240578:A:G	822	3
chr6:31241029:A:G	chr6:31241392:G:C	823	2
chr6:31241511:T:C	chr6:31242997:A:C	824	15
chr6:31245541:G:A	chr6:31245636:T:G	825	2
chr6:31245834:C:G	chr6:31245842:G:GC	826	2
chr6:31246576:T:G	chr6:31246895:G:GAGAA	827	4
chr6:31247260:T:C	chr6:31248781:A:T	828	14
chr6:31249080:A:G	chr6:31249626:T:C	829	3
chr6:31250310:A:G	chr6:31250664:ATC:A	830	3
chr6:31251162:A:G	chr6:31251268:A:G	831	2
chr6:31251349:G:A	chr6:31262018:G:A	832	4
chr6:31262105:A:G	chr6:31262105:A:G	833	1
chr6:31262189:T:C	chr6:31262226:TG:T	834	3
chr6:31262282:A:G	chr6:31262300:C:T	835	2
chr6:31262403:C:A	chr6:31262406:C:T	836	2
chr6:31262486:G:C	chr6:31262542:C:A	837	4
chr6:31262603:C:G	chr6:31262657:T:G	838	3
chr6:31262721:G:A	chr6:31262940:T:A	839	10
chr6:31262984:TA:T	chr6:31263213:G:A	840	6
chr6:31263259:A:C	chr6:31263416:A:G	841	8
chr6:31263442:A:G	chr6:31263442:A:G	842	1
chr6:31263457:G:A	chr6:31263523:G:A	843	3
chr6:31263594:G:C	chr6:31263616:T:A	844	3
chr6:31263677:A:G	chr6:31263846:G:A	845	3
chr6:31264033:G:A	chr6:31264188:TC:T	846	5
chr6:31264252:T:G	chr6:31264252:T:G	847	1
chr6:31264321:G:A	chr6:31264321:G:A	848	1
chr6:31264348:C:T	chr6:31264611:C:G	849	7
chr6:31264669:T:C	chr6:31264681:A:G	850	2
chr6:31264716:C:T	chr6:31264766:C:T	851	2
chr6:31264789:C:A	chr6:31264920:A:G	852	3
chr6:31264929:C:T	chr6:31264946:A:G	853	3
chr6:31264993:T:C	chr6:31264993:T:C	854	1
chr6:31265047:G:A	chr6:31265133:G:C	855	6
chr6:31265198:G:T	chr6:31265302:G:A	856	3
chr6:31265366:C:T	chr6:31265366:C:T	857	1
chr6:31265483:A:C	chr6:31265483:A:C	858	1
chr6:31265503:C:T	chr6:31265667:G:A	859	7
chr6:31265701:G:A	chr6:31265701:G:A	860	1
chr6:31265755:G:A	chr6:31265916:T:C	861	9
chr6:31266033:T:C	chr6:31266431:C:G	862	23
chr6:31266474:T:A	chr6:31266665:C:G	863	5
chr6:31266747:A:G	chr6:31266764:G:A	864	2
chr6:31266792:C:T	chr6:31266905:G:A	865	9
chr6:31266997:C:G	chr6:31267009:T:C	866	2
chr6:31267134:A:G	chr6:31267152:C:T	867	2
chr6:31267213:C:T	chr6:31267484:G:A	868	7
chr6:31267606:T:C	chr6:31267606:T:C	869	1
chr6:31267733:T:G	chr6:31267749:T:C	870	2
chr6:31267821:G:C	chr6:31268009:C:T	871	5
chr6:31268257:T:C	chr6:31268257:T:C	872	1
chr6:31268398:C:T	chr6:31268513:G:A	873	2
chr6:31268569:G:A	chr6:31268745:C:T	874	7
chr6:31268790:T:C	chr6:31268903:G:A	875	9
chr6:31268938:GC:G	chr6:31269044:C:T	876	5
chr6:31269085:C:T	chr6:31269085:C:T	877	1
chr6:31269239:C:T	chr6:31269263:A:T	878	4
chr6:31269284:C:T	chr6:31269323:TC:T	879	2
chr6:31269456:A:G	chr6:31269478:G:A	880	3
chr6:31269577:G:A	chr6:31269577:G:A	881	1
chr6:31269736:T:C	chr6:31269749:C:CA	882	2
chr6:31269794:A:G	chr6:31269794:A:G	883	1
chr6:31269983:C:T	chr6:31269985:C:T	884	3
chr6:31269992:G:A	chr6:31269992:G:A	885	1
chr6:31269997:G:C	chr6:31269997:G:C	886	1
chr6:31270037:A:AGGACAGCCAGGACAGCTG	chr6:31270081:T:C	887	4
chr6:31270116:G:T	chr6:31270154:CAGA:C	888	2
chr6:31270210:C:T	chr6:31270210:C:T	889	1
chr6:31270224:A:C	chr6:31270225:G:A	890	2
chr6:31270271:C:T	chr6:31270276:G:C	891	2
chr6:31270370:C:G	chr6:31270402:C:T	892	2
chr6:31270541:G:A	chr6:31270587:G:A	893	3
chr6:31270629:C:G	chr6:31270651:A:T	894	2
chr6:31270747:G:A	chr6:31270812:T:C	895	3
chr6:31270884:G:A	chr6:31270884:G:A	896	1
chr6:31270918:G:C	chr6:31270939:A:G	897	2
chr6:31271037:T:C	chr6:31271037:T:C	898	1
chr6:31271112:T:C	chr6:31271347:C:A	899	7
chr6:31271373:CA:C	chr6:31271373:CA:C	900	1
chr6:31271450:C:T	chr6:31271455:G:A	901	2
chr6:31271507:T:A	chr6:31271507:T:A	902	1
chr6:31271520:G:C	chr6:31271520:G:C	903	1
chr6:31271586:C:T	chr6:31271586:C:T	904	1
chr6:31271653:C:T	chr6:31271741:C:T	905	2
chr6:31271808:C:T	chr6:31271837:G:A	906	3
chr6:31271876:C:A	chr6:31271876:C:A	907	1
chr6:31271999:A:C	chr6:31272013:G:A	908	2
chr6:31272050:C:T	chr6:31272052:C:T	909	2
chr6:31272092:T:C	chr6:31272314:T:A	910	11
chr6:31272469:TCTC:T	chr6:31272481:A:T	911	2
chr6:31272915:G:A	chr6:31273984:A:T	912	8
chr6:31274374:C:T	chr6:31274480:AC:A	913	3
chr6:31274890:C:T	chr6:31274918:G:T	914	2
chr6:31275222:C:A	chr6:31275393:G:A	915	2
chr6:31275570:C:T	chr6:31275637:G:A	916	5
chr6:31275745:A:G	chr6:31275990:G:C	917	3
chr6:31276377:A:C	chr6:31276377:A:C	918	1
chr6:31276555:C:T	chr6:31276755:G:A	919	3
chr6:31277183:T:C	chr6:31277284:G:T	920	2
chr6:31277959:A:G	chr6:31278546:A:G	921	3
chr6:31279091:T:C	chr6:31279192:A:G	922	2
chr6:31279320:T:C	chr6:31279320:T:C	923	1
chr6:31279748:A:T	chr6:31279748:A:T	924	1
chr6:31280024:T:G	chr6:31280113:T:A	925	3
chr6:31280314:G:A	chr6:31280583:C:T	926	5
chr6:31280655:A:G	chr6:31281218:C:T	927	10
chr6:31281380:G:A	chr6:31281380:G:A	928	1
chr6:31281549:A:G	chr6:31281799:G:A	929	3
chr6:31281955:T:C	chr6:31284298:C:A	930	16
chr6:31284692:T:G	chr6:31289577:G:A	931	26
chr6:31289848:T:C	chr6:31295715:T:A	932	32
chr6:31295759:G:C	chr6:31296134:C:T	933	7
chr6:31296457:G:A	chr6:31296684:A:C	934	9
chr6:31296821:A:G	chr6:31297280:T:A	935	5
chr6:31297485:A:G	chr6:31297655:GTGTCCCGAATCAGATTC:G	936	5
chr6:31297731:C:T	chr6:31299617:A:T	937	13
chr6:31300337:C:T	chr6:31302307:A:G	938	19
chr6:31302341:C:A	chr6:31302609:T:C	939	3
chr6:31302691:T:G	chr6:31303692:T:C	940	11
chr6:31303923:T:C	chr6:31304356:A:G	941	4
chr6:31304835:G:A	chr6:31344018:C:A	942	16
chr6:31344042:G:A	chr6:31344042:G:A	943	1
chr6:31344085:G:C	chr6:31344180:T:C	944	4
chr6:31344247:G:A	chr6:31344254:G:A	945	2
chr6:31344281:C:G	chr6:31344472:T:C	946	11
chr6:31344564:A:G	chr6:31344935:G:A	947	19
chr6:31344954:G:A	chr6:31345086:G:C	948	6
chr6:31345090:T:TTA	chr6:31345345:G:A	949	13
chr6:31345380:A:G	chr6:31345435:T:C	950	3
chr6:31345477:G:T	chr6:31345477:G:T	951	1
chr6:31345517:CT:C	chr6:31345566:G:A	952	6
chr6:31345615:A:G	chr6:31345615:A:G	953	1
chr6:31345771:C:T	chr6:31345789:A:G	954	4
chr6:31345818:G:A	chr6:31345818:G:A	955	1
chr6:31345869:A:T	chr6:31345937:G:A	956	4
chr6:31345956:T:C	chr6:31346105:G:T	957	5
chr6:31346139:A:G	chr6:31346447:G:A	958	8
chr6:31346507:A:T	chr6:31346521:T:G	959	2
chr6:31346594:C:G	chr6:31346637:T:C	960	3
chr6:31346655:G:A	chr6:31346655:G:A	961	1
chr6:31346715:T:C	chr6:31346715:T:C	962	1
chr6:31346993:T:A	chr6:31346993:T:A	963	1
chr6:31347308:A:G	chr6:31347308:A:G	964	1
chr6:31347369:T:G	chr6:31347369:T:G	965	1
chr6:31347630:C:CT	chr6:31347630:C:CT	966	1
chr6:31347735:G:A	chr6:31347735:G:A	967	1
chr6:31347871:A:G	chr6:31347894:G:A	968	2
chr6:31348114:A:G	chr6:31348547:A:G	969	4
chr6:31348785:GTGTT:G	chr6:31348943:G:C	970	2
chr6:31349123:A:G	chr6:31349605:A:G	971	5
chr6:31349879:G:A	chr6:31349920:G:A	972	2
chr6:31350247:G:A	chr6:31350509:C:T	973	4
chr6:31350543:C:T	chr6:31350844:T:A	974	9
chr6:31350869:C:T	chr6:31351511:A:G	975	20
chr6:31351614:A:C	chr6:31351614:A:C	976	1
chr6:31351712:C:T	chr6:31351712:C:T	977	1
chr6:31351827:A:G,T	chr6:31351843:C:T	978	2
chr6:31351934:T:A	chr6:31351956:G:A	979	2
chr6:31352060:T:TGGA	chr6:31352126:A:G	980	4
chr6:31352163:C:T	chr6:31352368:C:T	981	7
chr6:31352557:C:T	chr6:31352732:G:A	982	9
chr6:31352799:CAA:C	chr6:31352877:T:C	983	5
chr6:31353346:G:T	chr6:31353576:G:C	984	3
chr6:31353587:G:A	chr6:31353587:G:A	985	1
chr6:31353687:A:G	chr6:31353687:A:G	986	1
chr6:31354030:G:A	chr6:31354148:T:TG	987	4
chr6:31354352:C:G	chr6:31354352:C:G	988	1
chr6:31354590:T:G	chr6:31354590:T:G	989	1
chr6:31355013:T:A	chr6:31355078:C:T	990	2
chr6:31355235:G:A	chr6:31355235:G:A	991	1
chr6:31355639:G:C	chr6:31355729:C:T	992	3
chr6:31355999:T:TC	chr6:31355999:T:TC	993	1
chr6:31356176:C:G	chr6:31356176:C:G	994	1
chr6:31356183:G:C	chr6:31356183:G:C	995	1
chr6:31356300:C:G	chr6:31356452:G:C	996	7
chr6:31356638:A:C	chr6:31358104:A:G	997	65
chr6:31358110:A:C	chr6:31362238:C:G	998	48
chr6:31362362:A:G	chr6:31362588:G:A	999	7
chr6:31362645:A:G	chr6:31362645:A:G	1000	1
chr6:31362834:C:A	chr6:31363051:C:T	1001	6
chr6:31363091:A:G	chr6:31363358:G:A	1002	4
chr6:31363529:G:T	chr6:31363529:G:T	1003	1
chr6:31363651:G:A	chr6:31363740:G:A	1004	4
chr6:31363754:C:T	chr6:31364101:C:T	1005	6
chr6:31364177:C:T	chr6:31364228:T:G	1006	4
chr6:31364371:T:A	chr6:31365142:C:T	1007	6
chr6:31365242:T:C	chr6:31365242:T:C	1008	1
chr6:31365276:T:C	chr6:31365276:T:C	1009	1
chr6:31365318:G:A	chr6:31365667:G:A	1010	7
chr6:31365785:G:A	chr6:31366404:C:T	1011	11
chr6:31367015:C:T	chr6:31367015:C:T	1012	1
chr6:31367100:A:C	chr6:31367100:A:C	1013	1
chr6:31367210:G:A	chr6:31367305:C:T	1014	4
chr6:31367439:T:C	chr6:31368493:C:T	1015	17
chr6:31368641:G:A	chr6:31368972:A:T	1016	6
chr6:31369063:A:G	chr6:31369063:A:G	1017	1
chr6:31369114:G:A	chr6:31369114:G:A	1018	1
chr6:31369217:C:T	chr6:31369370:T:C	1019	7
chr6:31369430:G:C	chr6:31369479:T:C	1020	3
chr6:31369653:TTTTTCCGTTCAGGCATATCC:T	chr6:31369659:C:T,*	1021	3
chr6:31369926:T:A	chr6:31369926:T:A	1022	1
chr6:31370038:C:T	chr6:31370038:C:T	1023	1
chr6:31375524:T:C	chr6:31375524:T:C	1024	1
chr6:31375855:T:C	chr6:31375855:T:C	1025	1
chr6:31375946:A:G	chr6:31376050:A:G	1026	2
chr6:31376097:C:T	chr6:31376461:A:G	1027	3
chr6:31376713:G:A	chr6:31376713:G:A	1028	1
chr6:31376880:G:A	chr6:31377077:C:A	1029	3
chr6:31377291:C:T	chr6:31377291:C:T	1030	1
chr6:31377452:G:A	chr6:31377452:G:A	1031	1
chr6:31377599:C:T	chr6:31377819:G:A	1032	3
chr6:31378088:T:C	chr6:31378088:T:C	1033	1
chr6:31378154:G:C	chr6:31378154:G:C	1034	1
chr6:31378877:C:G	chr6:31379045:T:C	1035	5
chr6:31379125:A:G	chr6:31379152:T:G	1036	2
chr6:31379256:A:G	chr6:31379674:A:G	1037	7
chr6:31379773:G:T	chr6:31380039:G:A	1038	6
chr6:31380203:A:T	chr6:31380205:A:G	1039	2
chr6:31380276:C:T	chr6:31380276:C:T	1040	1
chr6:31380626:G:T	chr6:31380626:G:T	1041	1
chr6:31380728:T:C	chr6:31380728:T:C	1042	1
chr6:31380766:G:A	chr6:31380803:A:G	1043	2
chr6:31381035:T:A	chr6:31381035:T:A	1044	1
chr6:31381102:G:A	chr6:31381102:G:A	1045	1
chr6:31381159:A:G	chr6:31381253:G:T	1046	2
chr6:31381343:G:A	chr6:31381343:G:A	1047	1
chr6:31381390:G:T	chr6:31381390:G:T	1048	1
chr6:31382032:A:G	chr6:31382145:C:T	1049	3
chr6:31382603:G:T	chr6:31382686:A:G	1050	3
chr6:31382718:A:G	chr6:31382718:A:G	1051	1
chr6:31383398:G:C	chr6:31383436:T:C	1052	4
chr6:31383465:G:A	chr6:31383536:C:T	1053	2
chr6:31383665:A:T	chr6:31383887:G:A	1054	9
chr6:31383898:G:C	chr6:31384365:A:T	1055	6
chr6:31384455:T:C	chr6:31387541:T:C	1056	7
chr6:31388457:C:A	chr6:31391771:T:C	1057	10
chr6:31393157:C:T	chr6:31393157:C:T	1058	1
chr6:31395211:C:T	chr6:31395741:C:T	1059	3
chr6:31396846:G:T	chr6:31398192:G:A	1060	6
chr6:31398919:T:C	chr6:31399048:A:G	1061	2
chr6:31401374:G:A	chr6:31403310:C:T	1062	2
chr6:31404202:C:G	chr6:31404792:C:T	1063	2
chr6:31405397:C:T	chr6:31409865:A:G	1064	10
chr6:31409957:A:G	chr6:31409977:G:A	1065	4
chr6:31410245:T:C	chr6:31410974:A:G	1066	9
chr6:31411179:C:G	chr6:31411421:C:A	1067	7
chr6:31411600:T:G	chr6:31412030:C:T	1068	8
chr6:31412046:C:G	chr6:31412046:C:G	1069	1
chr6:31412380:TGCTG:T	chr6:31412380:TGCTG:T	1070	1
chr6:31412627:C:T	chr6:31412627:C:T	1071	1
chr6:31412810:G:A	chr6:31413353:A:C	1072	9
chr6:31413681:C:T	chr6:31414565:A:G	1073	18
chr6:31414682:G:A	chr6:31418242:T:G	1074	34
chr6:31419822:C:T	chr6:31420142:A:G	1075	4
chr6:31420286:G:A	chr6:31420286:G:A	1076	1
chr6:31420453:G:A	chr6:31421991:T:G	1077	10
chr6:31422032:T:C	chr6:31422278:G:T	1078	4
chr6:31422781:T:G	chr6:31423814:G:A	1079	8
chr6:31424341:A:G	chr6:31425013:C:G	1080	5
chr6:31425237:C:T	chr6:31425823:T:C	1081	5
chr6:31425974:A:AT	chr6:31434528:A:T	1082	37
chr6:31434633:T:A	chr6:31435527:G:A	1083	12
chr6:31435912:A:G	chr6:31436014:C:T	1084	2
chr6:31436584:A:C	chr6:31438575:G:A	1085	13
chr6:31438871:C:T	chr6:31440044:A:T	1086	12
chr6:31440499:C:T	chr6:31441325:T:G	1087	6
chr6:31441407:C:CACA	chr6:31445184:T:C	1088	24
chr6:31446550:T:G	chr6:31448922:A:C	1089	16
chr6:31449687:T:C	chr6:31450698:A:G	1090	10
chr6:31450875:T:A	chr6:31452508:T:C	1091	9
chr6:31452879:C:G	chr6:31453430:T:C	1092	7
chr6:31453581:C:T	chr6:31460724:C:A	1093	17
chr6:31461190:G:A	chr6:31463022:G:T	1094	6
chr6:31463980:A:G	chr6:31466421:T:C	1095	18
chr6:31468255:G:A	chr6:31468255:G:A	1096	1
chr6:31468862:G:C	chr6:31468862:G:C	1097	1
chr6:31470591:G:A	chr6:31470591:G:A	1098	1
chr6:31470654:G:C	chr6:31470654:G:C	1099	1
chr6:31472069:G:A	chr6:31472305:C:T	1100	7
chr6:31472532:T:G	chr6:31472532:T:G	1101	1
chr6:31472638:G:A	chr6:31472822:G:T	1102	4
chr6:31473178:A:G	chr6:31474918:C:G	1103	10
chr6:31474971:G:A	chr6:31475546:C:T	1104	2
chr6:31475774:G:GACTT	chr6:31475774:G:GACTT	1105	1
chr6:31476670:C:A	chr6:31476670:C:A	1106	1
chr6:31476957:G:C	chr6:31481304:G:C	1107	31
chr6:31481675:GA:G	chr6:31483502:C:T	1108	13
chr6:31483755:A:G	chr6:31488595:C:T	1109	34
chr6:31488810:C:A	chr6:31490623:C:A	1110	17
chr6:31490777:C:T	chr6:31493383:C:A	1111	24
chr6:31503370:G:A	chr6:31503370:G:A	1112	1
chr6:31504438:T:C	chr6:31504438:T:C	1113	1
chr6:31509795:G:A	chr6:31509795:G:A	1114	1
chr6:31512233:A:AT	chr6:31512233:A:AT	1115	1
chr6:31512911:C:T	chr6:31512911:C:T	1116	1
chr6:31517324:A:C	chr6:31517324:A:C	1117	1
chr6:31519102:G:A	chr6:31519102:G:A	1118	1
chr6:31519185:G:A	chr6:31519185:G:A	1119	1
chr6:31520177:G:C	chr6:31520177:G:C	1120	1
chr6:31520545:A:G	chr6:31520545:A:G	1121	1
chr6:31521867:A:G	chr6:31521867:A:G	1122	1
chr6:31523943:A:G	chr6:31523943:A:G	1123	1
chr6:31524380:C:G	chr6:31524469:T:C	1124	2
chr6:31525184:A:G	chr6:31525184:A:G	1125	1
chr6:31526111:T:A	chr6:31526961:C:A	1126	2
chr6:31528140:A:G	chr6:31529144:A:G	1127	3
chr6:31530960:G:A	chr6:31530960:G:A	1128	1
chr6:31533435:A:T	chr6:31533435:A:T	1129	1
chr6:31533732:G:A	chr6:31533732:G:A	1130	1
chr6:31537191:C:G	chr6:31538007:G:C	1131	2
chr6:31538433:G:A	chr6:31538433:G:A	1132	1
chr6:31538914:G:A	chr6:31538914:G:A	1133	1
chr6:31539024:G:A	chr6:31539024:G:A	1134	1
chr6:31540104:C:A	chr6:31540104:C:A	1135	1
chr6:31541507:G:C	chr6:31541507:G:C	1136	1
chr6:31542002:C:G	chr6:31542002:C:G	1137	1
chr6:31543147:A:G	chr6:31544943:G:C	1138	3
chr6:31546626:G:A	chr6:31546626:G:A	1139	1
chr6:31547379:ACT:A	chr6:31548022:G:A	1140	3
chr6:31551155:T:G	chr6:31551155:T:G	1141	1
chr6:31552400:G:A	chr6:31554126:G:T	1142	2
chr6:31554892:G:A	chr6:31554892:G:A	1143	1
chr6:31557407:C:T	chr6:31557407:C:T	1144	1
chr6:31560353:C:T	chr6:31560353:C:T	1145	1
chr6:31561824:T:C	chr6:31561824:T:C	1146	1
chr6:31562619:CTG:C	chr6:31562619:CTG:C	1147	1
chr6:31564713:C:G	chr6:31564713:C:G	1148	1
chr6:31564787:G:A	chr6:31564787:G:A	1149	1
chr6:31566233:CTT:C	chr6:31566233:CTT:C	1150	1
chr6:31566697:C:T	chr6:31566697:C:T	1151	1
chr6:31569444:G:A	chr6:31569444:G:A	1152	1
chr6:31571233:G:A	chr6:31571233:G:A	1153	1
chr6:31572294:G:A	chr6:31572294:G:A	1154	1
chr6:31572536:A:G	chr6:31572536:A:G	1155	1
chr6:31572779:T:C	chr6:31589714:C:T	1156	22
chr6:31591384:GCCTACCCCCCGAGTTTTTGA:G	chr6:31591384:GCCTACCCCCCGAGTTTTTGA:G	1157	1
chr6:31593133:C:G	chr6:31593133:C:G	1158	1
chr6:31594987:C:T	chr6:31594987:C:T	1159	1
chr6:31598937:G:A	chr6:31601927:G:A	1160	3
chr6:31604704:T:C	chr6:31614509:G:A	1161	5
chr6:31617223:T:A	chr6:31617223:T:A	1162	1
chr6:31619306:T:C	chr6:31624859:C:T	1163	6
chr6:31628105:C:A	chr6:31635993:A:G	1164	14
chr6:31636814:C:T	chr6:31650984:G:A	1165	17
chr6:31651799:A:G	chr6:31708208:C:T	1166	56
chr6:31712763:T:C	chr6:31712763:T:C	1167	1
chr6:31718168:C:A	chr6:31718168:C:A	1168	1
chr6:31720423:C:T	chr6:31720423:C:T	1169	1
chr6:31723099:C:G	chr6:31724073:C:T	1170	3
chr6:31732880:G:T	chr6:31737157:C:T	1171	3
chr6:31740370:T:C	chr6:31740370:T:C	1172	1
chr6:31743191:T:A	chr6:31745347:A:G	1173	4
chr6:31749919:A:G	chr6:31749919:A:G	1174	1
chr6:31755003:C:T	chr6:31755003:C:T	1175	1
chr6:31757634:A:G	chr6:31757836:A:AT	1176	2
chr6:31764104:C:T	chr6:31764378:G:A	1177	2
chr6:31766081:C:A	chr6:31769639:G:A	1178	4
chr6:31773175:G:A	chr6:31773175:G:A	1179	1
chr6:31778771:T:C	chr6:31791154:A:C	1180	9
chr6:31797122:T:C	chr6:31809993:AG:A	1181	12
chr6:31810752:C:T	chr6:31814180:G:A	1182	2
chr6:31829810:C:G	chr6:31829810:C:G	1183	1
chr6:31830215:ATTTG:A	chr6:31838702:G:A	1184	10
chr6:31842308:G:T	chr6:31842308:G:T	1185	1
chr6:31845103:C:T	chr6:31845103:C:T	1186	1
chr6:31847946:G:T	chr6:31852382:C:T	1187	8
chr6:31853028:C:T	chr6:31855700:C:T	1188	4
chr6:31858896:C:CG	chr6:31868665:A:G	1189	10
chr6:31869500:C:A	chr6:31873017:C:T	1190	18
chr6:31873278:G:A	chr6:31873864:G:A	1191	2
chr6:31878964:C:A	chr6:31878964:C:A	1192	1
chr6:31879363:A:C	chr6:31879363:A:C	1193	1
chr6:31886096:A:G	chr6:31886096:A:G	1194	1
chr6:31889767:T:C	chr6:31892379:C:T	1195	5
chr6:31895656:C:A	chr6:31895656:C:A	1196	1
chr6:31901066:G:A	chr6:31901066:G:A	1197	1
chr6:31913532:T:C	chr6:31913532:T:C	1198	1
chr6:31914247:A:G	chr6:31914683:C:T	1199	2
chr6:31921613:TC:T	chr6:31946403:G:A	1200	22
chr6:31948169:C:T	chr6:31948169:C:T	1201	1
chr6:31949174:T:C	chr6:31952910:C:T	1202	8
chr6:31954998:TC:T	chr6:31957103:G:A	1203	3
chr6:31960529:A:G	chr6:31960529:A:G	1204	1
chr6:31962685:G:A	chr6:31963360:T:C	1205	2
chr6:31966306:A:G	chr6:31966306:A:G	1206	1
chr6:31969260:C:T	chr6:31973613:A:G	1207	3
chr6:32037140:G:T	chr6:32056126:G:C	1208	6
chr6:32067826:C:T	chr6:32073154:A:G	1209	4
chr6:32079076:G:A	chr6:32079659:C:G	1210	2
chr6:32082290:T:C	chr6:32082290:T:C	1211	1
chr6:32085121:C:T	chr6:32085206:C:T	1212	2
chr6:32088803:A:C	chr6:32098969:T:C	1213	7
chr6:32100405:G:C	chr6:32100405:G:C	1214	1
chr6:32105163:C:T	chr6:32109603:C:T	1215	5
chr6:32112606:C:T	chr6:32133291:ACT:A	1216	13
chr6:32135246:CTG:C	chr6:32139362:T:C	1217	3
chr6:32145678:C:T	chr6:32151949:G:GGC	1218	5
chr6:32154695:C:A	chr6:32154695:C:A	1219	1
chr6:32156196:C:G	chr6:32156766:T:A	1220	2
chr6:32159672:T:A	chr6:32159693:C:G	1221	2
chr6:32160342:GC:G	chr6:32160617:C:T	1222	3
chr6:32164950:C:T	chr6:32167476:T:C	1223	6
chr6:32171788:T:C	chr6:32177428:C:T	1224	6
chr6:32178216:C:G	chr6:32179220:A:G	1225	5
chr6:32181372:C:T	chr6:32183643:G:C	1226	3
chr6:32189862:C:T	chr6:32192984:TC:T	1227	2
chr6:32196888:CT:C	chr6:32197806:G:A	1228	4
chr6:32201797:T:C	chr6:32203906:T:C	1229	4
chr6:32208434:G:A	chr6:32208735:G:A	1230	2
chr6:32209652:C:T	chr6:32210996:T:C	1231	7
chr6:32213740:A:C	chr6:32216444:G:A	1232	5
chr6:32218145:CAG:C	chr6:32221704:T:A	1233	19
chr6:32222629:A:G	chr6:32223804:T:A	1234	8
chr6:32224330:C:G	chr6:32224330:C:G	1235	1
chr6:32225201:T:A	chr6:32227240:A:G	1236	18
chr6:32227946:T:C	chr6:32229314:G:C	1237	17
chr6:32229686:A:G	chr6:32231462:C:T	1238	14
chr6:32232370:C:G	chr6:32234830:G:A	1239	11
chr6:32235264:G:A	chr6:32236865:T:C	1240	8
chr6:32237333:T:C	chr6:32237644:GGCATCACT:G	1241	5
chr6:32238422:G:T	chr6:32243308:T:G	1242	20
chr6:32243540:C:T	chr6:32243540:C:T	1243	1
chr6:32244917:G:A	chr6:32245275:A:T	1244	3
chr6:32245433:G:A	chr6:32245433:G:A	1245	1
chr6:32246687:CTG:C	chr6:32247218:G:A	1246	3
chr6:32248292:T:C	chr6:32248292:T:C	1247	1
chr6:32250052:C:T	chr6:32250052:C:T	1248	1
chr6:32252167:G:A	chr6:32252167:G:A	1249	1
chr6:32253868:C:T	chr6:32253868:C:T	1250	1
chr6:32255414:G:C	chr6:32255414:G:C	1251	1
chr6:32259215:G:A	chr6:32261788:CTG:C	1252	2
chr6:32264875:C:G	chr6:32278796:C:T	1253	16
chr6:32282470:A:G	chr6:32287463:G:A	1254	3
chr6:32289666:T:TC	chr6:32293853:G:A	1255	5
chr6:32295322:T:C	chr6:32308415:G:A	1256	5
chr6:32312161:A:G	chr6:32319342:G:A	1257	7
chr6:32321613:A:C	chr6:32326572:G:T	1258	3
chr6:32327940:C:T	chr6:32327940:C:T	1259	1
chr6:32332786:T:A	chr6:32352376:G:A	1260	11
chr6:32357945:G:A	chr6:32359577:T:G	1261	2
chr6:32362574:A:G	chr6:32371571:C:T	1262	7
chr6:32372291:C:T	chr6:32373541:A:G	1263	7
chr6:32373696:T:C	chr6:32374862:A:C	1264	7
chr6:32375241:T:A	chr6:32375909:T:C	1265	8
chr6:32375966:A:C	chr6:32377763:T:G	1266	19
chr6:32377890:A:G	chr6:32378436:C:T	1267	4
chr6:32378860:A:G	chr6:32378924:G:A	1268	4
chr6:32379017:A:C	chr6:32380321:C:A	1269	10
chr6:32380686:C:G	chr6:32382259:A:G	1270	10
chr6:32382607:C:A	chr6:32382999:G:A	1271	3
chr6:32383789:C:T	chr6:32384214:C:A	1272	4
chr6:32384517:A:T	chr6:32386551:A:AAATAT	1273	8
chr6:32386743:C:G	chr6:32386852:A:G	1274	2
chr6:32387057:G:A	chr6:32387526:A:T	1275	5
chr6:32387854:T:A	chr6:32387900:T:G	1276	2
chr6:32388031:G:A	chr6:32390506:CA:C	1277	38
chr6:32390568:C:A	chr6:32390591:T:C	1278	2
chr6:32390681:T:G	chr6:32390682:G:T	1279	2
chr6:32390756:A:G	chr6:32391106:T:C	1280	4
chr6:32391344:G:A	chr6:32391874:ATTTG:A	1281	20
chr6:32392023:T:A	chr6:32393303:T:G	1282	26
chr6:32393353:C:T	chr6:32394631:G:A	1283	43
chr6:32394656:C:A	chr6:32395153:C:T	1284	10
chr6:32395997:G:A	chr6:32395997:G:A	1285	1
chr6:32396067:C:T	chr6:32396067:C:T	1286	1
chr6:32396579:A:G	chr6:32396579:A:G	1287	1
chr6:32397114:GCA:G	chr6:32397776:C:T	1288	5
chr6:32397930:T:C	chr6:32397930:T:C	1289	1
chr6:32398119:A:G	chr6:32398848:T:C	1290	8
chr6:32399482:T:G	chr6:32400000:A:T	1291	6
chr6:32400070:T:C	chr6:32403039:G:A	1292	18
chr6:32403102:C:T	chr6:32405752:A:G	1293	65
chr6:32405799:TA:T	chr6:32405799:TA:T	1294	1
chr6:32406052:G:T	chr6:32407918:G:A	1295	19
chr6:32408196:C:A	chr6:32408571:G:A	1296	3
chr6:32408969:C:T	chr6:32408969:C:T	1297	1
chr6:32409631:T:A,C	chr6:32409631:T:A,C	1298	1
chr6:32409935:C:T	chr6:32409935:C:T	1299	1
chr6:32411168:T:A	chr6:32411168:T:A	1300	1
chr6:32411712:C:T	chr6:32411770:C:T	1301	2
chr6:32412938:C:T	chr6:32412938:C:T	1302	1
chr6:32413115:C:T	chr6:32413115:C:T	1303	1
chr6:32413597:G:C	chr6:32413666:A:T	1304	2
chr6:32414162:T:C	chr6:32414162:T:C	1305	1
chr6:32415331:A:G	chr6:32417342:C:T	1306	4
chr6:32417676:G:A	chr6:32417973:T:C	1307	3
chr6:32418842:T:C	chr6:32420032:T:C	1308	4
chr6:32420498:C:T	chr6:32420498:C:T	1309	1
chr6:32421528:T:C	chr6:32423127:G:A	1310	9
chr6:32437249:G:A	chr6:32437249:G:A	1311	1
chr6:32452691:G:C	chr6:32452691:G:C	1312	1
chr6:32459049:T:C	chr6:32459049:T:C	1313	1
chr6:32467155:T:C	chr6:32467155:T:C	1314	1
chr6:32471252:T:C	chr6:32471616:A:C	1315	2
chr6:32472383:T:C	chr6:32472395:T:G	1316	2
chr6:32472482:A:G	chr6:32472482:A:G	1317	1
chr6:32472499:C:T	chr6:32472499:C:T	1318	1
chr6:32472784:G:T	chr6:32472784:G:T	1319	1
chr6:32473416:A:G	chr6:32473416:A:G	1320	1
chr6:32473631:C:T	chr6:32473864:A:G	1321	3
chr6:32474047:A:G	chr6:32474047:A:G	1322	1
chr6:32694674:C:T	chr6:32694674:C:T	1323	1
chr6:32694732:A:T	chr6:32694732:A:T	1324	1
chr6:32694830:G:A	chr6:32694830:G:A	1325	1
chr6:32695381:G:C	chr6:32695381:G:C	1326	1
chr6:32695467:CAG:C	chr6:32695467:CAG:C	1327	1
chr6:32695654:T:C	chr6:32695662:C:A	1328	2
chr6:32695911:T:C	chr6:32695911:T:C	1329	1
chr6:32696093:CA:C	chr6:32696096:A:G	1330	2
chr6:32696349:A:G	chr6:32696349:A:G	1331	1
chr6:32697183:A:G	chr6:32697213:A:T	1332	3
chr6:32697390:A:G	chr6:32697481:G:T	1333	3
chr6:32697542:T:G	chr6:32697542:T:G	1334	1
chr6:32697839:G:T	chr6:32697982:G:T	1335	5
chr6:32698132:C:A	chr6:32698518:A:G	1336	7
chr6:32698692:A:C	chr6:32698944:A:T	1337	7
chr6:32699025:C:T	chr6:32699330:T:C	1338	8
chr6:32699453:G:C	chr6:32699453:G:C	1339	1
chr6:32699541:G:T	chr6:32699703:G:A	1340	5
chr6:32700016:C:A	chr6:32700160:A:T	1341	10
chr6:32700180:C:T	chr6:32700180:C:T	1342	1
chr6:32700250:A:G	chr6:32700519:T:C	1343	10
chr6:32700611:C:T	chr6:32700658:A:AG	1344	3
chr6:32700749:C:T	chr6:32700927:C:G	1345	7
chr6:32700952:C:G	chr6:32701236:T:C	1346	11
chr6:32701307:T:C	chr6:32701307:T:C	1347	1
chr6:32701379:T:C	chr6:32702333:T:C	1348	23
chr6:32702368:G:A	chr6:32702478:C:T	1349	4
chr6:32702700:C:A	chr6:32703097:C:A	1350	5
chr6:32703135:T:C	chr6:32703978:G:A	1351	19
chr6:32704034:G:A	chr6:32704305:A:G	1352	9
chr6:32704469:A:C	chr6:32704653:A:G	1353	4
chr6:32704714:G:A	chr6:32706001:T:G	1354	31
chr6:32706117:C:T	chr6:32706154:A:G	1355	5
chr6:32706268:AG:A	chr6:32706500:G:A	1356	8
chr6:32706536:C:T	chr6:32706541:G:A	1357	2
chr6:32706566:G:A	chr6:32706623:T:C	1358	5
chr6:32707088:A:T	chr6:32707126:T:C	1359	3
chr6:32707193:C:T	chr6:32707290:T:C	1360	6
chr6:32707353:A:G	chr6:32707456:G:A	1361	5
chr6:32707465:T:C	chr6:32707956:A:G	1362	19
chr6:32707974:T:C	chr6:32707990:C:T	1363	3
chr6:32708037:A:G	chr6:32708038:C:T	1364	2
chr6:32708123:A:G	chr6:32708124:C:T	1365	2
chr6:32708152:C:T	chr6:32708354:T:C	1366	7
chr6:32708382:C:G	chr6:32708469:C:T	1367	2
chr6:32708522:T:C	chr6:32709375:G:A	1368	16
chr6:32709538:T:C	chr6:32710121:T:C	1369	10
chr6:32710150:C:A	chr6:32710150:C:A	1370	1
chr6:32710191:C:A	chr6:32710225:C:T	1371	3
chr6:32710358:A:C	chr6:32710358:A:C	1372	1
chr6:32710385:T:A	chr6:32710385:T:A	1373	1
chr6:32710457:G:A	chr6:32710469:T:C	1374	2
chr6:32710488:A:G	chr6:32710647:G:A,*	1375	7
chr6:32710714:T:C	chr6:32710732:A:G	1376	3
chr6:32710830:G:A	chr6:32711070:T:G	1377	8
chr6:32711100:T:C	chr6:32711117:T:A	1378	2
chr6:32711270:G:A	chr6:32711291:T:C	1379	3
chr6:32711406:T:A	chr6:32711534:A:G	1380	10
chr6:32711569:G:A	chr6:32711967:A:C	1381	13
chr6:32711981:G:A	chr6:32712293:C:T	1382	6
chr6:32712347:T:C	chr6:32712599:G:T	1383	12
chr6:32712703:T:C	chr6:32713308:A:G	1384	18
chr6:32713578:T:C	chr6:32713791:T:C	1385	5
chr6:32713868:T:A	chr6:32713892:T:C	1386	2
chr6:32714056:G:T	chr6:32714397:C:A	1387	11
chr6:32714451:G:A	chr6:32714451:G:A	1388	1
chr6:32714666:G:A	chr6:32715344:G:A	1389	13
chr6:32715605:C:T	chr6:32715868:A:G	1390	3
chr6:32715914:A:C	chr6:32716983:C:T	1391	13
chr6:32717250:A:T	chr6:32752228:G:A	1392	192
chr6:32752240:T:C	chr6:32774282:T:C	1393	165
chr6:32774754:G:T	chr6:32788955:G:C	1394	107
chr6:32788976:C:CATT	chr6:32835798:G:T	1395	206
chr6:32836793:G:A	chr6:32836793:G:A	1396	1
chr6:32837530:C:T	chr6:32837530:C:T	1397	1
chr6:32841446:C:A	chr6:32841446:C:A	1398	1
chr6:32843852:G:T	chr6:32843852:G:T	1399	1
chr6:32850465:A:G	chr6:32861499:G:A	1400	24
chr6:32861652:A:G	chr6:32864623:C:T	1401	16
chr6:32865479:G:A	chr6:32868333:C:CA	1402	7
chr6:32868982:C:T	chr6:32871218:A:G	1403	10
chr6:32871972:A:G	chr6:32898134:G:A	1404	82
chr6:32899215:T:C	chr6:32901932:G:A	1405	4
chr6:32903290:G:A	chr6:32915656:T:TACA	1406	11
chr6:32920789:G:C	chr6:32920789:G:C	1407	1
chr6:32921305:A:G	chr6:32931519:C:T	1408	12
chr6:32931918:CA:C,CAA	chr6:32932241:C:G	1409	2
chr6:32932865:C:T	chr6:32932865:C:T	1410	1
chr6:32936824:G:T	chr6:32936884:G:A	1411	2
chr6:32937969:T:A	chr6:32943271:G:C	1412	4
chr6:32944775:T:C	chr6:32948046:T:C	1413	5
chr6:32951456:CCT:C	chr6:32952090:C:T	1414	3
chr6:32954301:G:A	chr6:32957808:G:A	1415	5
chr6:32962817:A:G	chr6:32966355:G:A	1416	6
chr6:32967402:A:C	chr6:32967431:A:G	1417	2
chr6:32968844:C:T	chr6:32970205:G:T	1418	3
chr6:32970533:C:T	chr6:32970533:C:T	1419	1
chr6:32974023:A:T	chr6:32974144:A:G	1420	3
chr6:32975254:TTAAG:T	chr6:32975254:TTAAG:T	1421	1
chr6:32975568:C:T	chr6:32976969:G:A	1422	4
chr6:32978102:C:T	chr6:32979440:T:C	1423	7
chr6:32980254:G:A	chr6:32980556:C:T	1424	3
chr6:32981683:GGGA:G	chr6:32982273:G:A	1425	3
chr6:32982806:TTGTC:T	chr6:32984391:G:A	1426	2
chr6:32984931:G:A	chr6:32984996:C:T	1427	2
chr6:32986380:T:C	chr6:32988199:A:G	1428	3
chr6:32989313:T:C	chr6:32989313:T:C	1429	1
chr6:32989625:AG:A	chr6:32989625:AG:A	1430	1
chr6:32990065:A:G	chr6:32991318:T:C	1431	5
chr6:32991489:G:T	chr6:32992143:CAG:C	1432	4
chr6:32992463:A:G	chr6:32995239:A:G	1433	8
chr6:32996007:T:C	chr6:32996919:A:T	1434	2
chr6:32998165:G:A	chr6:33005110:G:A	1435	6
chr6:33005736:C:G	chr6:33005736:C:G	1436	1
chr6:33006566:C:T	chr6:33006566:C:T	1437	1
chr6:33008119:A:G	chr6:33008294:G:GA	1438	2
chr6:33009132:C:A	chr6:33016454:T:G	1439	43
chr6:33017599:A:T	chr6:33018027:C:G	1440	4
chr6:33018381:C:T	chr6:33018900:G:T	1441	3
chr6:33019997:C:T	chr6:33019997:C:T	1442	1
chr6:33020272:T:G	chr6:33020398:G:A	1443	3
chr6:33020652:C:T	chr6:33021264:G:C	1444	4
chr6:33021504:G:A	chr6:33023103:A:T	1445	17
chr6:33023961:G:T	chr6:33024158:T:C	1446	2
chr6:33025165:G:T	chr6:33028086:C:T	1447	15
chr6:33028237:C:T	chr6:33028237:C:T	1448	1
chr6:33029727:T:TC	chr6:33029727:T:TC	1449	1
chr6:33029815:G:A	chr6:33029815:G:A	1450	1
chr6:33030094:C:T	chr6:33030201:AT:A	1451	3
chr6:33030344:G:A	chr6:33031445:T:C	1452	6
chr6:33032430:A:G	chr6:33034063:C:T	1453	3
chr6:33038445:G:A	chr6:33038445:G:A	1454	1
chr6:33041644:C:T	chr6:33041644:C:T	1455	1
chr6:33043356:T:C	chr6:33043356:T:C	1456	1
chr6:33044591:G:C	chr6:33044591:G:C	1457	1
chr6:33047417:C:A	chr6:33047417:C:A	1458	1
chr6:33049450:T:A	chr6:33050100:T:C	1459	4
chr6:33050600:C:T	chr6:33050600:C:T	1460	1
chr6:33050662:TC:T	chr6:33050662:TC:T	1461	1
chr6:33050771:G:A	chr6:33051264:C:T	1462	4
chr6:33051569:T:A	chr6:33051909:T:C	1463	3
chr6:33053171:A:G	chr6:33053369:T:A	1464	2
chr6:33055055:T:C	chr6:33055055:T:C	1465	1
chr6:33055789:A:T	chr6:33055789:A:T	1466	1
chr6:33055984:T:C	chr6:33056149:C:T	1467	3
chr6:33056219:T:A	chr6:33056255:C:A	1468	2
chr6:33056934:T:C	chr6:33057018:A:T	1469	4
chr6:33061993:T:C	chr6:33061993:T:C	1470	1
chr6:33067892:C:A	chr6:33067892:C:A	1471	1
chr6:33070297:T:C	chr6:33070297:T:C	1472	1
chr6:33070713:A:G	chr6:33070713:A:G	1473	1
chr6:33072914:G:A	chr6:33072914:G:A	1474	1
chr6:33073296:A:C	chr6:33073296:A:C	1475	1
chr6:33075749:C:T	chr6:33075749:C:T	1476	1
chr6:33076604:G:T	chr6:33076604:G:T	1477	1
chr6:33077320:G:C	chr6:33077320:G:C	1478	1
chr6:33077753:T:C	chr6:33078062:C:T	1479	7
chr6:33078305:C:T	chr6:33078661:A:G	1480	3
chr6:33080787:G:A	chr6:33080787:G:A	1481	1
chr6:33101863:C:T	chr6:33101863:C:T	1482	1
chr6:33109368:C:T	chr6:33109368:C:T	1483	1
chr6:33111700:G:A	chr6:33111700:G:A	1484	1
chr6:33114021:C:T	chr6:33114071:AT:A	1485	4
chr6:33115420:G:C	chr6:33126170:C:A	1486	10
chr6:33131021:A:G	chr6:33131082:A:G	1487	2
chr6:33131189:C:A	chr6:33131189:C:A	1488	1
chr6:33131559:T:A	chr6:33131624:A:T	1489	3
chr6:33131697:G:A	chr6:33131761:G:T	1490	4
chr6:33132064:C:G	chr6:33132105:C:A	1491	2
chr6:33132276:G:A	chr6:33133898:A:G	1492	19
chr6:33133961:A:G	chr6:33134429:T:C	1493	10
chr6:33134953:G:A	chr6:33135544:C:A	1494	11
chr6:33135853:G:A	chr6:33135853:G:A	1495	1
chr6:33135908:C:T	chr6:33135908:C:T	1496	1
chr6:33136074:T:C	chr6:33136509:G:A	1497	4
chr6:33136758:A:T	chr6:33136887:T:C	1498	4
chr6:33136985:A:G	chr6:33136985:A:G	1499	1
chr6:33137260:C:T	chr6:33137287:T:C	1500	2
chr6:33137326:C:T	chr6:33137692:G:A	1501	7
chr6:33138003:A:G	chr6:33138204:G:A	1502	4
chr6:33138233:T:G	chr6:33138233:T:G	1503	1
chr6:33138365:C:T	chr6:33138470:G:C	1504	2
chr6:33138554:T:C	chr6:33139018:A:G	1505	3
chr6:33139447:G:A	chr6:33140258:C:G	1506	11
chr6:33140522:A:G	chr6:33141464:G:A	1507	6
chr6:33141779:C:T	chr6:33141779:C:T	1508	1
chr6:33142147:T:C	chr6:33142472:A:G	1509	9
chr6:33142875:C:T	chr6:33142969:T:G	1510	3
chr6:33143124:C:G	chr6:33143156:A:G	1511	3
chr6:33143277:A:G	chr6:33143277:A:G	1512	1
chr6:33143369:G:A	chr6:33145769:G:A	1513	19
chr6:33146291:A:G	chr6:33146291:A:G	1514	1
chr6:33146809:G:C	chr6:33146809:G:C	1515	1
chr6:33147141:G:A	chr6:33147141:G:A	1516	1
chr6:33147408:T:C	chr6:33147408:T:C	1517	1
chr6:33147829:A:G	chr6:33147829:A:G	1518	1
chr6:33148507:C:T	chr6:33148509:T:C	1519	2
chr6:33148740:C:A	chr6:33148740:C:A	1520	1
chr6:33149245:G:A	chr6:33149245:G:A	1521	1
